orig_index,Unnamed: 0,paragraph_id,sentence_id,course,essay_new,annotated_sentence,anno_error_cnt,full_error_tag,order_tag,error_tag,correction,error,target,correction_index,error_type,source,new_error_type,evidence_index,predicted_parsing_order,origin,orig_error_type,predicted_parsing_order_src
329,740,1221,8820ece7c6e0a9e983c86f78b980cc5721cbb1d4057a2d64960012fa3a72e5d2,SPA 2,Voy a ver un montón de gente.,Voy a ver []{a}<az:do:an> un montón de gente.,1,[]{a}<az:do:an>,0,az:do:an,a,,"['Voy', 'a', 'ver', 'a', 'un', 'montón', 'de', 'gente', '.']","[3, 13]",article,"['Voy', 'a', 'ver', '[NONE]', 'un', 'montón', 'de', 'gente', '.']",article,"[2, 4]","{'2': 3, '3': 1, '4': 2, '6': 3, '12': 3, '13': 1, '14': 2, '16': 3}",A,az:do,"{'2': 3, '3': 1, '4': 2, '6': 3}"
363,886,1513,16b307a5700ff3479d1c25941dbef9e75c72b0739c88e963b04aa63b528267bb,SPA 2,Puedes visitar sus amigos.,Puedes visitar []{a}<az:do:an> sus amigos.,1,[]{a}<az:do:an>,0,az:do:an,a,,"['Puedes', 'visitar', 'a', 'sus', 'amigos', '.']","[2, 9]",article,"['Puedes', 'visitar', '[NONE]', 'sus', 'amigos', '.']",article,"[1, 3]","{'1': 3, '2': 1, '3': 2, '8': 3, '9': 1, '10': 2}",A,az:do,"{'1': 3, '2': 1, '3': 2}"
58,129,209,44c7f1bc0333e4d6c1bf85aa10565e6bded340213da5e59f147d7b0a3ab83854,SPA 3,Quiero ir a visitar Messi.,Quiero ir a visitar []{a}<az:do:an> Messi.,1,[]{a}<az:do:an>,0,az:do:an,a,,"['Quiero', 'ir', 'a', 'visitar', 'a', 'Messi', '.']","[4, 12]",article,"['Quiero', 'ir', 'a', 'visitar', '[NONE]', 'Messi', '.']",article,"[3, 5]","{'0': 3, '1': 3, '2': 3, '3': 2, '4': 1, '8': 3, '9': 3, '10': 3, '11': 2, '12': 1}",A,az:do,"{'0': 3, '1': 3, '2': 3, '3': 2, '4': 1}"
153,338,512,bf2861dfac9781c0c68d7a2b26213b669c18302708d13f59719f3baf1f7dc851,SPA 1,Él enseñar ellos jugar baloncesto.,Él enseñar []{a}<az:do:an>  ellos jugar baloncesto.,1,[]{a}<az:do:an>,0,az:do:an,a,,"['Él', 'enseñar', 'a', 'ellos', 'jugar', 'baloncesto', '.']","[2, 10]",article,"['Él', 'enseñar', '[NONE]', 'ellos', 'jugar', 'baloncesto', '.']",article,"[1, 3]","{'0': 3, '1': 2, '2': 1, '3': 3, '8': 3, '9': 2, '10': 1, '11': 3}",A,az:do,"{'0': 3, '1': 2, '2': 1, '3': 3}"
309,701,1178,f746419b70c3b8b78e5d99013182b5115c1fb67aeb4671edeb278db4903f666d,SPA 3,Nosotros visitaríamos mi novia's familia.,Nosotros visitaríamos []{a}<az:do:an> mi novia's familia.,1,[]{a}<az:do:an>,0,az:do:an,a,,"['Nosotros', 'visitaríamos', 'a', 'mi', 'novia', ""'"", 's', 'familia', '.']","[2, 12]",article,"['Nosotros', 'visitaríamos', '[NONE]', 'mi', 'novia', ""'"", 's', 'familia', '.']",article,"[1, 3]","{'1': 3, '2': 1, '3': 2, '11': 3, '12': 1, '13': 2}",A,az:do,"{'1': 3, '2': 1, '3': 2}"
143,322,486,64cc9abcb4ce00692d75a5de73b16df80a6c86eb363baf0cf87636065ca79f49,SPA 3,Muchos personas conocen Beyonce en el mundo.,Muchos personas conocen []{a}<az:do:an>  Beyonce en el mundo.,1,[]{a}<az:do:an>,0,az:do:an,a,,"['Muchos', 'personas', 'conocen', 'a', 'Beyonce', 'en', 'el', 'mundo', '.']","[3, 13]",article,"['Muchos', 'personas', 'conocen', '[NONE]', 'Beyonce', 'en', 'el', 'mundo', '.']",article,"[2, 4]","{'1': 3, '2': 2, '3': 1, '6': 3, '11': 3, '12': 2, '13': 1, '16': 3}",A,az:do,"{'1': 3, '2': 2, '3': 1, '6': 3}"
67,167,253,937b57e9b5bd3e6d2df99c17d5f584916fd438fd0130391464134e823ae6812f,SPA 2,Daniel también actúa a las obras de teatro.,Daniel también actúa [a]{}<za:do:an> las obras de teatro.,1,[a]{}<za:do:an>,0,za:do:an,,a,"['Daniel', 'también', 'actúa', '[NONE]', 'las', 'obras', 'de', 'teatro', '.']","[3, 13]",article,"['Daniel', 'también', 'actúa', 'a', 'las', 'obras', 'de', 'teatro', '.']",article,"[2, 4]","{'2': 3, '3': 1, '4': 3, '5': 2, '7': 3, '12': 3, '13': 1, '14': 3, '15': 2, '17': 3}",A,za:do,"{'2': 3, '3': 1, '4': 3, '5': 2, '7': 3}"
10,45,71,32941ba77d49c383a207ba106c4f17ba3cdd3b65d1743530dfc1706b1b3d8be6,SPA 1,Yo miro él en la television.,Yo miro []{a}<az:do:an> él en la television.,1,[]{a}<az:do:an>,0,az:do:an,a,,"['Yo', 'miro', 'a', 'él', 'en', 'la', 'television', '.']","[2, 11]",article,"['Yo', 'miro', '[NONE]', 'él', 'en', 'la', 'television', '.']",article,"[1, 3]","{'0': 3, '1': 2, '2': 1, '5': 3, '9': 3, '10': 2, '11': 1, '14': 3}",A,az:do,"{'0': 3, '1': 2, '2': 1, '5': 3}"
180,425,707,708eae62054a618a4e6e12d579582998fda45632cbc17f29eec3fa6bc468abe7,SPA 1,Entonces la gente empieza a conocer Kanye.,Entonces la gente empieza a conocer []{a}<az:do:an> Kanye.,1,[]{a}<az:do:an>,0,az:do:an,a,,"['Entonces', 'la', 'gente', 'empieza', 'a', 'conocer', 'a', 'Kanye', '.']","[6, 16]",article,"['Entonces', 'la', 'gente', 'empieza', 'a', 'conocer', '[NONE]', 'Kanye', '.']",article,"[5, 7]","{'3': 3, '4': 3, '5': 2, '6': 1, '13': 3, '14': 3, '15': 2, '16': 1}",A,az:do,"{'3': 3, '4': 3, '5': 2, '6': 1}"
18,69,112,ec9b28700c3f0eb5069d1a2933862c8835fbb75244fa3b08619d75f7cf6713c9,SPA 3,Ojalá me conozca ella en la futura.,Ojalá me conozca []{a}<az:do:an> ella en la futura.,1,[]{a}<az:do:an>,0,az:do:an,a,,"['Ojalá', 'me', 'conozca', 'a', 'ella', 'en', 'la', 'futura', '.']","[3, 13]",article,"['Ojalá', 'me', 'conozca', '[NONE]', 'ella', 'en', 'la', 'futura', '.']",article,"[2, 4]","{'0': 3, '1': 3, '2': 2, '3': 1, '6': 3, '10': 3, '11': 3, '12': 2, '13': 1, '16': 3}",A,az:do,"{'0': 3, '1': 3, '2': 2, '3': 1, '6': 3}"
181,425,707,6fddedf0f2bf423b30a33c6f5625a747b29fb383ece30ecd0dc0191bc220a71e,SPA 1,No compañía lo apoya Kanye.,No compañía lo apoya []{a}<az:do:an>  Kanye.,1,[]{a}<az:do:an>,0,az:do:an,a,,"['No', 'compañía', 'lo', 'apoya', 'a', 'Kanye', '.']","[4, 12]",article,"['No', 'compañía', 'lo', 'apoya', '[NONE]', 'Kanye', '.']",article,"[3, 5]","{'1': 3, '2': 3, '3': 2, '4': 1, '9': 3, '10': 3, '11': 2, '12': 1}",A,az:do,"{'1': 3, '2': 3, '3': 2, '4': 1}"
114,245,355,2e527f405cef967c6062ef9ae7435fdcb371d625b0a374b41259af71a0a71834,SPA 1,"Luego, él entrevista su huésped.","Luego, él entrevista []{a}<az:do:an> su huésped.",1,[]{a}<az:do:an>,0,az:do:an,a,,"['Luego', ',', 'él', 'entrevista', 'a', 'su', 'huésped', '.']","[4, 13]",article,"['Luego', ',', 'él', 'entrevista', '[NONE]', 'su', 'huésped', '.']",article,"[3, 5]","{'3': 3, '4': 1, '5': 2, '12': 3, '13': 1, '14': 2}",A,az:do,"{'3': 3, '4': 1, '5': 2}"
264,609,1056,b790571b70685dfc7b4ee434c623a51b3659fca91e5193af9850da663e5a926f,SPA 2,Yo también me gusta visitar al barrio Japón.,Yo también me gusta visitar [al]{}<za:do:inan> barrio Japón.,1,[al]{}<za:do:inan>,0,za:do:inan,,al,"['Yo', 'también', 'me', 'gusta', 'visitar', '[NONE]', 'barrio', 'Japón', '.']","[5, 15]",article,"['Yo', 'también', 'me', 'gusta', 'visitar', 'al', 'barrio', 'Japón', '.']",article,"[4, 6]","{'4': 3, '5': 1, '6': 2, '7': 3, '14': 3, '15': 1, '16': 2, '17': 3}",A,za:do,"{'4': 3, '5': 1, '6': 2, '7': 3}"
2978,96,156,6deca851ffb2a46802064eff0a6fb342d76ba67a3b62fd7aa928203a2d8f7218,SPA 3,Él curó al cojo y al ciego.,Él curó [al]{al}<aa:do:an> cojo y [al]{al}<aa:do:an> ciego.,2,[al]{al}<aa:do:an>,1,aa:do:an,al,al,"['Él', 'curó', 'al', 'cojo', 'y', 'al', 'ciego', '.']","[5, 14]",article,"['Él', 'curó', 'al', 'cojo', 'y', 'al', 'ciego', '.']",article,"[4, 6]","{'3': 3, '4': 3, '5': 1, '6': 2, '12': 3, '13': 3, '14': 1, '15': 2}",A,aa:do,"{'3': 3, '4': 3, '5': 1, '6': 2}"
144,322,486,02244202c8bfeb279ae52943b0bf69103ab1aa63a7188c12b0860ce42345dde9,SPA 3,Yo no miro ella en los conciertos.,Yo no miro []{a}<az:do:an>  ella en los conciertos.,1,[]{a}<az:do:an>,0,az:do:an,a,,"['Yo', 'no', 'miro', 'a', 'ella', 'en', 'los', 'conciertos', '.']","[3, 13]",article,"['Yo', 'no', 'miro', '[NONE]', 'ella', 'en', 'los', 'conciertos', '.']",article,"[2, 4]","{'0': 3, '1': 3, '2': 2, '3': 1, '6': 3, '10': 3, '11': 3, '12': 2, '13': 1, '16': 3}",A,az:do,"{'0': 3, '1': 3, '2': 2, '3': 1, '6': 3}"
61,132,213,5d05b83c7c2496c926dcbe94b86cda9a45301b66b85b46f58e06e81aa6d7ef65,SPA 3,tener éxito y siempre motivó King.,tener éxito y siempre motivó []{a}<az:do:an>  King.,1,[]{a}<az:do:an>,0,az:do:an,a,,"['tener', 'éxito', 'y', 'siempre', 'motivó', 'a', 'King', '.']","[5, 14]",article,"['tener', 'éxito', 'y', 'siempre', 'motivó', '[NONE]', 'King', '.']",article,"[4, 6]","{'0': 3, '2': 3, '3': 3, '4': 2, '5': 1, '9': 3, '11': 3, '12': 3, '13': 2, '14': 1}",A,az:do,"{'0': 3, '2': 3, '3': 3, '4': 2, '5': 1}"
60,129,209,0cf8c3716a3a84eefc549ba0e649c303e178297cfe8a74d00d479903549088e9,SPA 3,Un dia voy a ver Messi.,Un dia voy a ver []{a}<az:do:an> Messi.,1,[]{a}<az:do:an>,0,az:do:an,a,,"['Un', 'dia', 'voy', 'a', 'ver', 'a', 'Messi', '.']","[5, 14]",article,"['Un', 'dia', 'voy', 'a', 'ver', '[NONE]', 'Messi', '.']",article,"[4, 6]","{'1': 3, '2': 3, '3': 3, '4': 2, '5': 1, '10': 3, '11': 3, '12': 3, '13': 2, '14': 1}",A,az:do,"{'1': 3, '2': 3, '3': 3, '4': 2, '5': 1}"
34,93,147,830fa57c52bdefc49a9cc094b5a44db49728422d571539654fd767bf185ed389,SPA 1,Ella ama Abbi mucho.,Ella ama []{a}<az:do:an> Abbi mucho.,1,[]{a}<az:do:an>,0,az:do:an,a,,"['Ella', 'ama', 'a', 'Abbi', 'mucho', '.']","[2, 9]",article,"['Ella', 'ama', '[NONE]', 'Abbi', 'mucho', '.']",article,"[1, 3]","{'0': 3, '1': 2, '2': 1, '3': 3, '7': 3, '8': 2, '9': 1, '10': 3}",A,az:do,"{'0': 3, '1': 2, '2': 1, '3': 3}"
86,208,305,7a59eb6e99fc32646ab0b2436f4aa9847f8f8a656b7d6f09c23beb7910a8157e,SPA 3,Viaja a muchos países para ayudar otros.,Viaja a muchos países para ayudar []{a}<az:do:an> otros.,1,[]{a}<az:do:an>,0,az:do:an,a,,"['Viaja', 'a', 'muchos', 'países', 'para', 'ayudar', 'a', 'otros', '.']","[6, 16]",article,"['Viaja', 'a', 'muchos', 'países', 'para', 'ayudar', '[NONE]', 'otros', '.']",article,"[5, 7]","{'0': 3, '4': 3, '5': 2, '6': 1, '10': 3, '14': 3, '15': 2, '16': 1}",A,az:do,"{'0': 3, '4': 3, '5': 2, '6': 1}"
186,431,713,88088952a3fc11e9e9a13e2db371e29d5cbee18e00a854f6363ca054ac4942d6,SPA 2,Mi amigo Obama mató Osama Bin Laden.,Mi amigo Obama mató []{a}<az:do:an> Osama Bin Laden.,1,[]{a}<az:do:an>,0,az:do:an,a,,"['Mi', 'amigo', 'Obama', 'mató', 'a', 'Osama', 'Bin', 'Laden', '.']","[4, 14]",article,"['Mi', 'amigo', 'Obama', 'mató', '[NONE]', 'Osama', 'Bin', 'Laden', '.']",article,"[3, 5]","{'1': 3, '3': 2, '4': 1, '5': 2, '6': 2, '11': 3, '13': 2, '14': 1, '15': 2, '16': 2}",A,az:do,"{'1': 3, '3': 2, '4': 1, '5': 2, '6': 2}"
3000,522,918,9337a0b6ed3534078f6b53029aca81c53355d9e9abd50334c75b434fcb3f4ab3,SPA 1,Visito mi abuela y mis amigas.,Visito []{a}<az:do:an> mi abuela y []{a}<az:do:an> mis amigas.,2,[]{a}<az:do:an>,1,az:do:an,a,,"['Visito', 'a', 'mi', 'abuela', 'y', 'a', 'mis', 'amigas', '.']","[5, 15]",article,"['Visito', 'a', 'mi', 'abuela', 'y', '[NONE]', 'mis', 'amigas', '.']",article,"[4, 6]","{'0': 3, '1': 3, '2': 2, '3': 2, '4': 2, '5': 1, '10': 3, '11': 3, '12': 2, '13': 2, '14': 2, '15': 1}",A,az:do,"{'0': 3, '1': 3, '2': 2, '3': 2, '4': 2, '5': 1}"
28,85,137,12e65293de251d03389fa6eb761c3d1873c4ae6328228e3ddcdb9ce85200ed77,SPA 1,Se gusta ayudar la gente.,Se gusta ayudar []{a}<az:do:an> la gente.,1,[]{a}<az:do:an>,0,az:do:an,a,,"['Se', 'gusta', 'ayudar', 'a', 'la', 'gente', '.']","[3, 11]",article,"['Se', 'gusta', 'ayudar', '[NONE]', 'la', 'gente', '.']",article,"[2, 4]","{'2': 3, '3': 1, '4': 2, '10': 3, '11': 1, '12': 2}",A,az:do,"{'2': 3, '3': 1, '4': 2}"
101,233,342,3007032f70c07edc362fb3ba46f14b553b1304123b9c1e57ee09d04570d1a843,SPA 1,Quiero presentarle Will Smith.,Quiero presentarle []{a}<az:do:an> Will Smith.,1,[]{a}<az:do:an>,0,az:do:an,a,,"['Quiero', 'presentarle', 'a', 'Will', 'Smith', '.']","[2, 9]",article,"['Quiero', 'presentarle', '[NONE]', 'Will', 'Smith', '.']",article,"[1, 3]","{'0': 3, '1': 2, '2': 1, '3': 2, '7': 3, '8': 2, '9': 1, '10': 2}",A,az:do,"{'0': 3, '1': 2, '2': 1, '3': 2}"
249,571,990,716aa5b5a3a7301006798c355ba24aee105db07256e104fd658495ad3c78c9df,SPA 2,Miraría las personas juegan con fuego.,Miraría []{a}<az:do:an> las personas juegan con fuego.,1,[]{a}<az:do:an>,0,az:do:an,a,,"['Miraría', 'a', 'las', 'personas', 'juegan', 'con', 'fuego', '.']","[1, 10]",article,"['Miraría', '[NONE]', 'las', 'personas', 'juegan', 'con', 'fuego', '.']",article,"[0, 2]","{'1': 1, '2': 2, '3': 3, '10': 1, '11': 2, '12': 3}",A,az:do,"{'1': 1, '2': 2, '3': 3}"
45,113,188,cfdb75f95512d43f092f528bd9598adbcf22ce51e1bf2654140d885d4f634855,SPA 1,Barack Obama ama su hijas.,Barack Obama ama []{a}<az:do:an> su hijas.,1,[]{a}<az:do:an>,0,az:do:an,a,,"['Barack', 'Obama', 'ama', 'a', 'su', 'hijas', '.']","[3, 11]",article,"['Barack', 'Obama', 'ama', '[NONE]', 'su', 'hijas', '.']",article,"[2, 4]","{'2': 3, '3': 1, '4': 2, '10': 3, '11': 1, '12': 2}",A,az:do,"{'2': 3, '3': 1, '4': 2}"
3677,350,534,76b1e58706ed784e2d2b060fb199c86d50c999f74d549eebd1e783a9c910becb,SPA 1,Ella tiene el pelo muy rizada y larga.,Ella tiene el pelo muy [rizada]{rizado}<ga:mf:adj:inan> y [larga]{largo}<ga:mf:adj:inan>.,2,[rizada]{rizado}<ga:mf:adj:inan>,0,ga:mf:adj:inan,rizado,rizada,"['Ella', 'tiene', 'el', 'pelo', 'muy', 'rizado', 'y', 'largo', '.']","[5, 15]",gender agreement,"['Ella', 'tiene', 'el', 'pelo', 'muy', 'rizada', 'y', 'largo', '.']",gender agreement,"[4, 6]","{'1': 3, '2': 3, '3': 2, '4': 2, '5': 1, '6': 3, '7': 2, '11': 3, '12': 3, '13': 2, '14': 2, '15': 1, '16': 3, '17': 2}",A,ga:mf,"{'1': 3, '2': 3, '3': 2, '4': 2, '5': 1, '6': 3, '7': 2}"
2210,745,1228,7b6848f875460410c6f2e903e393fc28bb2dee9ec6dfda35357ade235fd730c7,SPA 2,Nosotros vamos a comer todo buena la comida.,Nosotros vamos a comer [todo]{toda}<ga:fm:det:inan> buena la comida.,1,[todo]{toda}<ga:fm:det:inan>,0,ga:fm:det:inan,toda,todo,"['Nosotros', 'vamos', 'a', 'comer', 'toda', 'buena', 'la', 'comida', '.']","[4, 14]",gender agreement,"['Nosotros', 'vamos', 'a', 'comer', 'todo', 'buena', 'la', 'comida', '.']",gender agreement,"[3, 5]","{'3': 3, '4': 1, '5': 2, '13': 3, '14': 1, '15': 2}",A,ga:fm,"{'3': 3, '4': 1, '5': 2}"
3580,293,427,6aabefe903ecf5497452deabdc2656758da6dc263aa68ae61e1f90b324e4effd,SPA 2,Está en una larga estadio en San Francisco.,Está en [una]{un}<ga:mf:det:inan> [larga]{largo}<ga:mf:adj:inan> estadio en San Francisco.,2,[larga]{largo}<ga:mf:adj:inan>,1,ga:mf:adj:inan,largo,larga,"['Está', 'en', 'un', 'largo', 'estadio', 'en', 'San', 'Francisco', '.']","[3, 13]",gender agreement,"['Está', 'en', 'un', 'larga', 'estadio', 'en', 'San', 'Francisco', '.']",gender agreement,"[2, 4]","{'0': 3, '1': 3, '2': 3, '3': 1, '4': 2, '6': 3, '10': 3, '11': 3, '12': 3, '13': 1, '14': 2, '16': 3}",A,ga:mf,"{'0': 3, '1': 3, '2': 3, '3': 1, '4': 2, '6': 3}"
2910,24,778,3564059716390cbe53b9074a2462370479ab3900db1feebdd0e5cfe6782fd0fc,SPA 1,Taylor Swift es mi ídola.,Taylor Swift es mi [ídola]{ídolo}<ig:f:noun:an>.,1,[ídola]{ídolo}<ig:f:noun:an>,0,ig:f:noun:an,ídolo,ídola,"['Taylor', 'Swift', 'es', 'mi', 'ídolo', '.']","[4, 11]",gender agreement,"['Taylor', 'Swift', 'es', 'mi', 'ídola', '.']",gender agreement,"[3, 5]","{'0': 2, '1': 3, '2': 2, '3': 2, '4': 1, '7': 2, '8': 3, '9': 2, '10': 2, '11': 1}",A,ig:f,"{'0': 2, '1': 3, '2': 2, '3': 2, '4': 1}"
1325,382,622,7327287ea0247935a42690df2284af2dfc612598d0d4572f01238a699fbaa38b,SPA 3,Pero esta ano me gusta a Cardi B.,Pero [esta]{este}<ga:mf:det:inan> ano me gusta a Cardi B.,1,[esta]{este}<ga:mf:det:inan>,0,ga:mf:det:inan,este,esta,"['Pero', 'este', 'ano', 'me', 'gusta', 'a', 'Cardi', 'B', '.']","[1, 11]",gender agreement,"['Pero', 'esta', 'ano', 'me', 'gusta', 'a', 'Cardi', 'B', '.']",gender agreement,"[0, 2]","{'1': 1, '2': 2, '4': 3, '11': 1, '12': 2, '14': 3}",A,ga:mf,"{'1': 1, '2': 2, '4': 3}"
1213,334,507,c8010659ff66523cd88aeeb2766ec6bed37f88712c113d5dc9f5c6948a61c480,SPA 2,Una persona muy famoso es Tom Hanks.,Una persona muy [famoso]{famosa}<ga:fm:adj:an> es Tom Hanks.,1,[famoso]{famosa}<ga:fm:adj:an>,0,ga:fm:adj:an,famosa,famoso,"['Una', 'persona', 'muy', 'famosa', 'es', 'Tom', 'Hanks', '.']","[3, 12]",gender agreement,"['Una', 'persona', 'muy', 'famoso', 'es', 'Tom', 'Hanks', '.']",gender agreement,"[2, 4]","{'0': 3, '1': 2, '2': 2, '3': 1, '5': 3, '9': 3, '10': 2, '11': 2, '12': 1, '14': 3}",A,ga:fm,"{'0': 3, '1': 2, '2': 2, '3': 1, '5': 3}"
3978,488,856,32114ea3165c4317ca69c53e43c4b8b7b51ec824c01a21b06198cc0cc7e365dd,SPA 2,Joan Rivers encanta los animalas.,Joan Rivers encanta [los]{las}<ga:fm:det:an> [animalas]{animales}<ig:f:noun:an>.,2,[animalas]{animales}<ig:f:noun:an>,1,ig:f:noun:an,animales,animalas,"['Joan', 'Rivers', 'encanta', 'las', 'animales', '.']","[4, 11]",gender agreement,"['Joan', 'Rivers', 'encanta', 'las', 'animalas', '.']",gender agreement,"[3, 5]","{'0': 3, '2': 2, '3': 2, '4': 1, '7': 3, '9': 2, '10': 2, '11': 1}",A,ig:f,"{'0': 3, '2': 2, '3': 2, '4': 1}"
1725,538,946,749803455d298032f3f32778d58742d03b3e7aaa4e8509188bfbe95dd368e9e4,SPA 3,Hay más que doscientos marcas allí.,Hay más que [doscientos]{doscientas}<ga:fm:adj:inan> marcas allí.,1,[doscientos]{doscientas}<ga:fm:adj:inan>,0,ga:fm:adj:inan,doscientas,doscientos,"['Hay', 'más', 'que', 'doscientas', 'marcas', 'allí', '.']","[3, 11]",gender agreement,"['Hay', 'más', 'que', 'doscientos', 'marcas', 'allí', '.']",gender agreement,"[2, 4]","{'0': 3, '1': 2, '2': 2, '3': 1, '4': 2, '8': 3, '9': 2, '10': 2, '11': 1, '12': 2}",A,ga:fm,"{'0': 3, '1': 2, '2': 2, '3': 1, '4': 2}"
2318,777,1274,fa2d69c888beb50835f138d90023af0bdd12eeb49f8434145c1e607fdc15ed19,SPA 3,Había peces coloridas que nadaban a tu alrededor.,Había peces [coloridas]{coloridos}<ga:mf:adj:inan> que nadaban a tu alrededor.,1,[coloridas]{coloridos}<ga:mf:adj:inan>,0,ga:mf:adj:inan,coloridos,coloridas,"['Había', 'peces', 'coloridos', 'que', 'nadaban', 'a', 'tu', 'alrededor', '.']","[2, 12]",gender agreement,"['Había', 'peces', 'coloridas', 'que', 'nadaban', 'a', 'tu', 'alrededor', '.']",gender agreement,[1],"{'0': 3, '1': 2, '2': 1, '4': 3, '10': 3, '11': 2, '12': 1, '14': 3}",A,ga:mf,"{'0': 3, '1': 2, '2': 1, '4': 3}"
4356,662,1128,08d5192771bff67b27c42d81af9dd72086875f88fd624f8f6f63717493b9ef84,SPA 3,Su col picante llamado kimchi es sabroso.,Su col picante [llamado]{llamada}<ga:fm:adj:inan> kimchi es [sabroso]{sabrosa}<ga:fm:adj:inan>.,2,[llamado]{llamada}<ga:fm:adj:inan>,0,ga:fm:adj:inan,llamada,llamado,"['Su', 'col', 'picante', 'llamada', 'kimchi', 'es', 'sabrosa', '.']","[3, 12]",gender agreement,"['Su', 'col', 'picante', 'llamado', 'kimchi', 'es', 'sabrosa', '.']",gender agreement,"[4, 6]","{'0': 3, '1': 2, '2': 2, '3': 1, '4': 2, '6': 3, '9': 3, '10': 2, '11': 2, '12': 1, '13': 2, '15': 3}",A,ga:fm,"{'0': 3, '1': 2, '2': 2, '3': 1, '4': 2, '6': 3}"
714,137,220,23c4a25d240451951f51cdf35db1ed7713f75a0ccadaee86bbf32f6f128d62fb,SPA 2,Ella fue nacido septembre caurto.,Ella fue [nacido]{nacida}<ga:fm:adj:an> septembre caurto.,1,[nacido]{nacida}<ga:fm:adj:an>,0,ga:fm:adj:an,nacida,nacido,"['Ella', 'fue', 'nacida', 'septembre', 'caurto', '.']","[2, 9]",gender agreement,"['Ella', 'fue', 'nacido', 'septembre', 'caurto', '.']",gender agreement,[0],"{'0': 2, '1': 2, '2': 1, '3': 2, '4': 3, '7': 2, '8': 2, '9': 1, '10': 2, '11': 3}",A,ga:fm,"{'0': 2, '1': 2, '2': 1, '3': 2, '4': 3}"
3194,79,127,61511a5e9bdc09930bba4e6b6b7a4d6026173daa0914d054632c801dfd903687,SPA 2,este series fueron muy populares.,[este]{esta}<ga:fm:det:inan> [series]{serie}<na:sp:noun:inan> fueron muy [populares]{popular}<na:sp:adj:inan>.,3,[este]{esta}<ga:fm:det:inan>,0,ga:fm:det:inan,esta,este,"['esta', 'serie', 'fueron', 'muy', 'popular', '.']","[0, 7]",gender agreement,"['este', 'serie', 'fueron', 'muy', 'popular', '.']",gender agreement,[1],"{'0': 1, '1': 2, '4': 3, '7': 1, '8': 2, '11': 3}",A,ga:fm,"{'0': 1, '1': 2, '4': 3}"
2684,941,1600,82a571492830f5180301e71b8580665fec63135473264e18d221673999be6c7c,SPA 2,Hay montañas grandes con mucho nieve.,Hay montañas grandes con [mucho]{mucha}<ga:fm:det:inan> nieve.,1,[mucho]{mucha}<ga:fm:det:inan>,0,ga:fm:det:inan,mucha,mucho,"['Hay', 'montañas', 'grandes', 'con', 'mucha', 'nieve', '.']","[4, 12]",gender agreement,"['Hay', 'montañas', 'grandes', 'con', 'mucho', 'nieve', '.']",gender agreement,[1],"{'2': 3, '3': 3, '4': 1, '5': 2, '10': 3, '11': 3, '12': 1, '13': 2}",A,ga:fm,"{'2': 3, '3': 3, '4': 1, '5': 2}"
634,106,178,2aeed8cce4a53c0a744df97709e51aca7016601e4f52c325fc129fd59b47fda4,SPA 1,Hay una en la mano.,Hay [una]{uno}<ga:mf:pron:inan> en la mano.,1,[una]{uno}<ga:mf:pron:inan>,0,ga:mf:pron:inan,uno,una,"['Hay', 'uno', 'en', 'la', 'mano', '.']","[1, 8]",gender agreement,"['Hay', 'una', 'en', 'la', 'mano', '.']",gender agreement,[4],"{'0': 2, '1': 1, '4': 3, '7': 2, '8': 1, '11': 3}",A,ga:mf,"{'0': 2, '1': 1, '4': 3}"
2099,704,1181,76f87ca63779b7a4a21ca16381841a68a8f58b49289d5051236682b343ef1701,SPA 1,Esta es un día regular de mi vocación.,[Esta]{este}<ga:mf:pron:inan> es un día regular de mi vocación.,1,[Esta]{este}<ga:mf:pron:inan>,0,ga:mf:pron:inan,este,Esta,"['este', 'es', 'un', 'día', 'regular', 'de', 'mi', 'vocación', '.']","[0, 10]",gender agreement,"['Esta', 'es', 'un', 'día', 'regular', 'de', 'mi', 'vocación', '.']",gender agreement,[3],"{'0': 1, '1': 3, '2': 3, '3': 2, '4': 3, '7': 3, '10': 1, '11': 3, '12': 3, '13': 2, '14': 3, '17': 3}",A,ga:mf,"{'0': 1, '1': 3, '2': 3, '3': 2, '4': 3, '7': 3}"
1016,248,358,90955d06799cbd29a60d19de8605e982c81386d4cb5d519acc6be26a4a0c7ff9,SPA 1,Ella tiene un madre y un padre.,Ella tiene [un]{una}<ga:fm:det:an> madre y un padre.,1,[un]{una}<ga:fm:det:an>,0,ga:fm:det:an,una,un,"['Ella', 'tiene', 'una', 'madre', 'y', 'un', 'padre', '.']","[2, 11]",gender agreement,"['Ella', 'tiene', 'un', 'madre', 'y', 'un', 'padre', '.']",gender agreement,[0],"{'1': 3, '2': 1, '3': 2, '6': 3, '10': 3, '11': 1, '12': 2, '15': 3}",A,ga:fm,"{'1': 3, '2': 1, '3': 2, '6': 3}"
3433,218,320,c114ecd2f4d2d0b86bd065f8227b7ca61d1b9a2aa6e9d1b8e1470ee996eae171,SPA 1,Sus orejas son largos y negros.,Sus orejas son [largos]{largas}<ga:fm:adj:inan> y [negros]{negras}<ga:fm:adj:inan>.,2,[largos]{largas}<ga:fm:adj:inan>,0,ga:fm:adj:inan,largas,largos,"['Sus', 'orejas', 'son', 'largas', 'y', 'negras', '.']","[3, 11]",gender agreement,"['Sus', 'orejas', 'son', 'largos', 'y', 'negras', '.']",gender agreement,[1],"{'0': 3, '1': 2, '2': 2, '3': 1, '4': 3, '5': 2, '8': 3, '9': 2, '10': 2, '11': 1, '12': 3, '13': 2}",A,ga:fm,"{'0': 3, '1': 2, '2': 2, '3': 1, '4': 3, '5': 2}"
2888,18,578,5471bbced88e9db8026a664f9b033ae1b463962425739fd80cf1c1f0c3fa8b8f,SPA 3,Meryl Streep eas un estrella de Hollywood.,Meryl Streep eas [un]{una}<ga:fm:det:an> estrella de Hollywood.,1,[un]{una}<ga:fm:det:an>,0,ga:fm:det:an,una,un,"['Meryl', 'Streep', 'eas', 'una', 'estrella', 'de', 'Hollywood', '.']","[3, 12]",gender agreement,"['Meryl', 'Streep', 'eas', 'un', 'estrella', 'de', 'Hollywood', '.']",gender agreement,"[0, 1, 4]","{'0': 3, '2': 3, '3': 1, '4': 2, '6': 3, '9': 3, '11': 3, '12': 1, '13': 2, '15': 3}",A,ga:fm,"{'0': 3, '2': 3, '3': 1, '4': 2, '6': 3}"
2696,949,1618,1f126815b3c7eb61abcd3f1576c6c6e18c9bb9d902bc4f989f9bb41004319148,SPA 2,Son muy baratos y buenos.,Son muy [baratos]{baratas}<ga:fm:adj:inan> y buenos.,1,[baratos]{baratas}<ga:fm:adj:inan>,0,ga:fm:adj:inan,baratas,baratos,"['Son', 'muy', 'baratas', 'y', 'buenos', '.']","[2, 9]",gender agreement,"['Son', 'muy', 'baratos', 'y', 'buenos', '.']",gender agreement,[2],"{'0': 2, '1': 2, '2': 1, '3': 3, '4': 2, '7': 2, '8': 2, '9': 1, '10': 3, '11': 2}",A,ga:fm,"{'0': 2, '1': 2, '2': 1, '3': 3, '4': 2}"
5130,18,578,c96bd99866a7c2872437d962e668e6b9e10b6b91ea8120e8fe373d134bef63cd,SPA 3,Beyonce actuá en un pocos peliculas.,Beyonce actuá en [un]{unas}<ga:na:fm:ps:det:inan> [pocos]{pocas}<ga:fm:det:inan> peliculas.,2,[pocos]{pocas}<ga:fm:det:inan>,1,ga:fm:det:inan,pocas,pocos,"['Beyonce', 'actuá', 'en', 'unas', 'pocas', 'peliculas', '.']","[4, 12]",gender agreement,"['Beyonce', 'actuá', 'en', 'unas', 'pocos', 'peliculas', '.']",gender agreement,[5],"{'3': 2, '4': 1, '5': 3, '11': 2, '12': 1, '13': 3}",A,ga:fm,"{'3': 2, '4': 1, '5': 3}"
1225,343,520,2899e9623f18a0484ae6c00c145a463f108af124689e8d76cce9bcf155dc5fa5,SPA 3,Depp caśo dos mujeres y se divorció ambos.,Depp caśo dos mujeres y se divorció [ambos]{ambas}<ga:fm:det:an>.,1,[ambos]{ambas}<ga:fm:det:an>,0,ga:fm:det:an,ambas,ambos,"['Depp', 'caśo', 'dos', 'mujeres', 'y', 'se', 'divorció', 'ambas', '.']","[7, 17]",gender agreement,"['Depp', 'caśo', 'dos', 'mujeres', 'y', 'se', 'divorció', 'ambos', '.']",gender agreement,[3],"{'1': 3, '4': 3, '5': 3, '6': 2, '7': 1, '11': 3, '14': 3, '15': 3, '16': 2, '17': 1}",A,ga:fm,"{'1': 3, '4': 3, '5': 3, '6': 2, '7': 1}"
4348,659,1124,81ec4b4fb0ba14bd5c9de2917ae37e3cc0897ad49882fa49c523346f817a36ec,SPA 2,Hay muchos aatracción turística en los países sudamericano.,Hay [muchos]{muchas}<ga:fm:det:inan> [aatracción]{atracciones}<na:ps:noun:inan> [turística]{turísticas}<na:ps:adj:inan> en los países [sudamericano]{sudamericanos}<na:ps:adj:inan> .,4,[muchos]{muchas}<ga:fm:det:inan>,0,ga:fm:det:inan,muchas,muchos,"['Hay', 'muchas', 'atracciones', 'turísticas', 'en', 'los', 'países', 'sudamericanos', '.']","[1, 11]",gender agreement,"['Hay', 'muchos', 'atracciones', 'turísticas', 'en', 'los', 'países', 'sudamericanos', '.']",gender agreement,[3],"{'0': 3, '1': 1, '2': 2, '3': 3, '10': 3, '11': 1, '12': 2, '13': 3}",A,ga:fm,"{'0': 3, '1': 1, '2': 2, '3': 3}"
2583,898,1533,852dbebaabdda7259fcf368c3994e2d5997a51d4e4a4c8284d8726422dc99a0a,SPA 3,Yo iria Hawaii porque la clima caliente.,Yo iria Hawaii porque [la]{el}<ga:mf:det:aty:inan> clima caliente.,1,[la]{el}<ga:mf:det:aty:inan>,0,ga:mf:det:aty:inan,el,la,"['Yo', 'iria', 'Hawaii', 'porque', 'el', 'clima', 'caliente', '.']","[4, 13]",gender agreement,"['Yo', 'iria', 'Hawaii', 'porque', 'la', 'clima', 'caliente', '.']",gender agreement,[5],"{'0': 3, '3': 3, '4': 1, '5': 2, '6': 3, '9': 3, '12': 3, '13': 1, '14': 2, '15': 3}",A,ga:mf:det:aty,"{'0': 3, '3': 3, '4': 1, '5': 2, '6': 3}"
3405,205,302,d4537d59fd11f26c91a5845f61e294665d5ff62c59c22dd6b1ac04eeccf4f67b,SPA 2,Kanye West es una persono famoso.,Kanye West es [una]{un}<ga:mf:det:an> [persono]{persona}<ig:m:noun:an> famoso.,2,[una]{un}<ga:mf:det:an>,0,ga:mf:det:an,un,una,"['Kanye', 'West', 'es', 'un', 'persona', 'famoso', '.']","[3, 11]",gender agreement,"['Kanye', 'West', 'es', 'una', 'persona', 'famoso', '.']",gender agreement,"[0, 1]","{'0': 3, '2': 3, '3': 1, '4': 2, '5': 3, '8': 3, '10': 3, '11': 1, '12': 2, '13': 3}",A,ga:mf,"{'0': 3, '2': 3, '3': 1, '4': 2, '5': 3}"
560,71,116,d6bd2be14cf8aabb050e0c0c7918f5c605a48b959e8be097dfd1452edc3d7fcc,SPA 2,Cher tiene muchas albumes y peliculas.,Cher tiene [muchas]{muchos}<ga:mf:det:inan> albumes y peliculas.,1,[muchas]{muchos}<ga:mf:det:inan>,0,ga:mf:det:inan,muchos,muchas,"['Cher', 'tiene', 'muchos', 'albumes', 'y', 'peliculas', '.']","[2, 10]",gender agreement,"['Cher', 'tiene', 'muchas', 'albumes', 'y', 'peliculas', '.']",gender agreement,[0],"{'1': 3, '2': 1, '3': 2, '5': 3, '9': 3, '10': 1, '11': 2, '13': 3}",A,ga:mf,"{'1': 3, '2': 1, '3': 2, '5': 3}"
3432,218,320,2fdcd97dcfb022bad9b7e0908eb39cbbeaf5d1c761be79277897f8d61f0ea3fc,SPA 1,sus pantalones son corto y rojo.,sus pantalones son [corto]{cortos}<na:ps:adj:inan> y [rojo]{rojos}<na:ps:adj:inan>.,2,[rojo]{rojos}<na:ps:adj:inan>,1,na:ps:adj:inan,rojos,rojo,"['sus', 'pantalones', 'son', 'cortos', 'y', 'rojos', '.']","[5, 13]",number agreement,"['sus', 'pantalones', 'son', 'cortos', 'y', 'rojo', '.']",number agreement,"[1, 2, 3]","{'1': 3, '2': 3, '3': 2, '4': 2, '5': 1, '9': 3, '10': 3, '11': 2, '12': 2, '13': 1}",A,na:ps,"{'1': 3, '2': 3, '3': 2, '4': 2, '5': 1}"
1649,506,888,86d79e92f5f780ca652865a3783ac94f06ccc391be4f78795fa4a39f2446417f,SPA 2,Ahora mismo Bruno no escrib canciones nueva.,Ahora mismo Bruno no escrib canciones [nueva]{nuevas}<na:ps:adj:inan>.,1,[nueva]{nuevas}<na:ps:adj:inan>,0,na:ps:adj:inan,nuevas,nueva,"['Ahora', 'mismo', 'Bruno', 'no', 'escrib', 'canciones', 'nuevas', '.']","[6, 15]",number agreement,"['Ahora', 'mismo', 'Bruno', 'no', 'escrib', 'canciones', 'nueva', '.']",number agreement,[5],"{'4': 3, '5': 2, '6': 1, '13': 3, '14': 2, '15': 1}",A,na:ps,"{'4': 3, '5': 2, '6': 1}"
1306,375,612,b5cb899d27c2d328ec41f43dd74436e030f5445da522c55ed054781fedd5d85e,SPA 2,Esa canciones son mis canciones favoritas.,[Esa]{esas}<na:ps:det:inan> canciones son mis canciones favoritas.,1,[Esa]{esas}<na:ps:det:inan>,0,na:ps:det:inan,esas,Esa,"['esas', 'canciones', 'son', 'mis', 'canciones', 'favoritas', '.']","[0, 8]",number agreement,"['Esa', 'canciones', 'son', 'mis', 'canciones', 'favoritas', '.']",number agreement,[1],"{'0': 1, '1': 2, '4': 3, '8': 1, '9': 2, '12': 3}",A,na:ps,"{'0': 1, '1': 2, '4': 3}"
2851,6,175,2e9c86bad672ce2e7e09be45546b61c53c7216aa2a4d405effc63c975016e08e,SPA 3,Von Miller juegues por el Denver Broncos.,Von Miller juegues por [el]{los}<na:ps:det:inan> Denver Broncos.,1,[el]{los}<na:ps:det:inan>,0,na:ps:det:inan,los,el,"['Von', 'Miller', 'juegues', 'por', 'los', 'Denver', 'Broncos', '.']","[4, 13]",number agreement,"['Von', 'Miller', 'juegues', 'por', 'el', 'Denver', 'Broncos', '.']",number agreement,"[5, 6]","{'2': 3, '3': 3, '4': 1, '5': 2, '6': 3, '11': 3, '12': 3, '13': 1, '14': 2, '15': 3}",A,na:ps,"{'2': 3, '3': 3, '4': 1, '5': 2, '6': 3}"
1763,564,980,154cba4563a53b9f7a473170cce340123d3808c5b77fe5875f4f4d3a1305960d,SPA 1,Quiero visitar museos de arte y cathedrals famosa.,Quiero visitar museos de arte y cathedrals [famosa]{famosas}<na:ps:adj:inan>.,1,[famosa]{famosas}<na:ps:adj:inan>,0,na:ps:adj:inan,famosas,famosa,"['Quiero', 'visitar', 'museos', 'de', 'arte', 'y', 'cathedrals', 'famosas', '.']","[7, 17]",number agreement,"['Quiero', 'visitar', 'museos', 'de', 'arte', 'y', 'cathedrals', 'famosa', '.']",number agreement,"[2, 6]","{'2': 3, '5': 3, '6': 2, '7': 1, '12': 3, '15': 3, '16': 2, '17': 1}",A,na:ps,"{'2': 3, '5': 3, '6': 2, '7': 1}"
2728,955,1630,e5c9b971c5217b2392da1a8d0153f7547fb4205bb712a7836e0605b06a291215,SPA 3,Espero que mis familia puedan venir conmigo.,Espero que [mis]{mi}<na:sp:det:an> familia puedan venir conmigo.,1,[mis]{mi}<na:sp:det:an>,0,na:sp:det:an,mi,mis,"['Espero', 'que', 'mi', 'familia', 'puedan', 'venir', 'conmigo', '.']","[2, 11]",number agreement,"['Espero', 'que', 'mis', 'familia', 'puedan', 'venir', 'conmigo', '.']",number agreement,[0],"{'2': 1, '3': 2, '5': 3, '11': 1, '12': 2, '14': 3}",A,na:sp,"{'2': 1, '3': 2, '5': 3}"
3772,406,676,721e1307e120ddf4435f2bcf8d40fe983feb0cdc58f23b3b6c58475f3a131e60,SPA 2,Su amigas es muy divertida.,[Su]{sus}<na:ps:det:an> amigas es muy [divertida]{divertidas}<na:ps:adj:an>.,2,[Su]{sus}<na:ps:det:an>,0,na:ps:det:an,sus,Su,"['sus', 'amigas', 'es', 'muy', 'divertidas', '.']","[0, 7]",number agreement,"['Su', 'amigas', 'es', 'muy', 'divertidas', '.']",number agreement,[0],"{'0': 1, '1': 2, '4': 3, '7': 1, '8': 2, '11': 3}",A,na:ps,"{'0': 1, '1': 2, '4': 3}"
2280,768,1257,c34f6e04753fafae8bc36b59fb9c83b0f40fee9e61d14540365ca4792a3d3cf6,SPA 3,Esta vacación me está cansando.,Esta [vacación]{vacaciones}<in:s:noun:inan> me está cansando.,1,[vacación]{vacaciones}<in:s:noun:inan>,0,in:s:noun:inan,vacaciones,vacación,"['Esta', 'vacaciones', 'me', 'está', 'cansando', '.']","[1, 8]",number agreement,"['Esta', 'vacación', 'me', 'está', 'cansando', '.']",number agreement,[1],"{'0': 2, '1': 1, '2': 3, '3': 3, '4': 2, '7': 2, '8': 1, '9': 3, '10': 3, '11': 2}",A,in:s,"{'0': 2, '1': 1, '2': 3, '3': 3, '4': 2}"
1979,660,1125,33eb0121f13d6e0fee73a5d63fd8d0a20cd7148b4081261406d1deb5600d649a,SPA 2,Había trabajado mucho y yo necesito una vacación.,                Había trabajado mucho y yo necesito una [vacación]{vacaciones}<in:s:noun:inan>.,1,[vacación]{vacaciones}<in:s:noun:inan>,0,in:s:noun:inan,vacaciones,vacación,"['Había', 'trabajado', 'mucho', 'y', 'yo', 'necesito', 'una', 'vacaciones', '.']","[7, 17]",number agreement,"['Había', 'trabajado', 'mucho', 'y', 'yo', 'necesito', 'una', 'vacación', '.']",number agreement,[7],"{'1': 3, '3': 3, '4': 3, '5': 2, '6': 2, '7': 1, '11': 3, '13': 3, '14': 3, '15': 2, '16': 2, '17': 1}",A,in:s,"{'1': 3, '3': 3, '4': 3, '5': 2, '6': 2, '7': 1}"
1215,335,509,ca2b262421a8c140902038ed3ab6b0f418122d64da0253dc8e8c6dc9bb3180c8,SPA 1,Él tiene los ojos negro.,Él tiene los ojos [negro]{negros}<na:ps:adj:inan>.,1,[negro]{negros}<na:ps:adj:inan>,0,na:ps:adj:inan,negros,negro,"['Él', 'tiene', 'los', 'ojos', 'negros', '.']","[4, 11]",number agreement,"['Él', 'tiene', 'los', 'ojos', 'negro', '.']",number agreement,[3],"{'1': 3, '2': 3, '3': 2, '4': 1, '8': 3, '9': 3, '10': 2, '11': 1}",A,na:ps,"{'1': 3, '2': 3, '3': 2, '4': 1}"
4179,566,984,2d4b140839dad440692bcfef9a57b52cb97054854398ed4729f1aba0c6c99b26,SPA 3,Las playas estan muy bonita y grande.,Las playas estan muy [bonita]{bonitas}<na:ps:adj:inan> y [grande]{grandes}<na:ps:adj:inan>.,2,[grande]{grandes}<na:ps:adj:inan>,1,na:ps:adj:inan,grandes,grande,"['Las', 'playas', 'estan', 'muy', 'bonitas', 'y', 'grandes', '.']","[6, 15]",number agreement,"['Las', 'playas', 'estan', 'muy', 'bonitas', 'y', 'grande', '.']",number agreement,[1],"{'2': 3, '3': 3, '4': 2, '5': 2, '6': 1, '11': 3, '12': 3, '13': 2, '14': 2, '15': 1}",A,na:ps,"{'2': 3, '3': 3, '4': 2, '5': 2, '6': 1}"
3145,57,94,5a454189526e8a6d3d428a8a19e2567f30c7b5c911e34aa50ea8b70022e57ec2,SPA 1,Kit tiene los manos grande.,Kit tiene [los]{las}<ga:fm:det:aty:inan> manos [grande]{grandes}<na:ps:adj:inan>.,2,[grande]{grandes}<na:ps:adj:inan>,1,na:ps:adj:inan,grandes,grande,"['Kit', 'tiene', 'las', 'manos', 'grandes', '.']","[4, 11]",number agreement,"['Kit', 'tiene', 'las', 'manos', 'grande', '.']",number agreement,[3],"{'1': 3, '2': 3, '3': 2, '4': 1, '8': 3, '9': 3, '10': 2, '11': 1}",A,na:ps,"{'1': 3, '2': 3, '3': 2, '4': 1}"
2830,992,1723,368597475c319ceedd4f31b7483a63daa53bf61899cec982a6ae4f5c2d73cc5a,SPA 3,Mi vacación ideal es un viaje de esquiar.,Mi [vacación]{vacaciones}<in:s:noun:inan> ideal es un viaje de esquiar.,1,[vacación]{vacaciones}<in:s:noun:inan>,0,in:s:noun:inan,vacaciones,vacación,"['Mi', 'vacaciones', 'ideal', 'es', 'un', 'viaje', 'de', 'esquiar', '.']","[1, 11]",number agreement,"['Mi', 'vacación', 'ideal', 'es', 'un', 'viaje', 'de', 'esquiar', '.']",number agreement,[1],"{'0': 2, '1': 1, '2': 2, '3': 3, '4': 3, '5': 2, '7': 3, '10': 2, '11': 1, '12': 2, '13': 3, '14': 3, '15': 2, '17': 3}",A,in:s,"{'0': 2, '1': 1, '2': 2, '3': 3, '4': 3, '5': 2, '7': 3}"
1797,581,1002,19c85063cb1f62ee0689757aa9dd61094f20acab385d524bfa2dfb679791ae29,SPA 1,Quiero ir a Maldivas con mis familia.,Quiero ir a Maldivas con [mis]{mi}<na:sp:det:an> familia.,1,[mis]{mi}<na:sp:det:an>,0,na:sp:det:an,mi,mis,"['Quiero', 'ir', 'a', 'Maldivas', 'con', 'mi', 'familia', '.']","[5, 14]",number agreement,"['Quiero', 'ir', 'a', 'Maldivas', 'con', 'mis', 'familia', '.']",number agreement,[0],"{'1': 3, '4': 3, '5': 1, '6': 2, '10': 3, '13': 3, '14': 1, '15': 2}",A,na:sp,"{'1': 3, '4': 3, '5': 1, '6': 2}"
2541,878,1491,f492f2257dd94640af90bcc86db3abc84181571c40dc19cbbac76a13100e0cdb,SPA 3,La lluvia arruinaría la vacación.,La lluvia arruinaría la [vacación]{vacaciones}<in:s:noun:inan>.,1,[vacación]{vacaciones}<in:s:noun:inan>,0,in:s:noun:inan,vacaciones,vacación,"['La', 'lluvia', 'arruinaría', 'la', 'vacaciones', '.']","[4, 11]",number agreement,"['La', 'lluvia', 'arruinaría', 'la', 'vacación', '.']",number agreement,[4],"{'1': 3, '2': 2, '3': 2, '4': 1, '8': 3, '9': 2, '10': 2, '11': 1}",A,in:s,"{'1': 3, '2': 2, '3': 2, '4': 1}"
3730,381,621,558253bc4a786cdd70ffd4d3e1666d7d3306458ce669a26942e59c4459be01c7,SPA 2,También su padres son muy rico.,También [su]{sus}<na:ps:det:an> padres son muy [rico]{ricos}<na:ps:adj:an>.,2,[su]{sus}<na:ps:det:an>,0,na:ps:det:an,sus,su,"['También', 'sus', 'padres', 'son', 'muy', 'ricos', '.']","[1, 9]",number agreement,"['También', 'su', 'padres', 'son', 'muy', 'ricos', '.']",number agreement,[1],"{'1': 1, '2': 2, '5': 3, '9': 1, '10': 2, '13': 3}",A,na:ps,"{'1': 1, '2': 2, '5': 3}"
3659,329,498,cbb26b8d51266fea8f3de40f897b94b6b5d5d83b3a645d603316e9eb361b1297,SPA 2,"En mi ciudad, hay muchas gentes famoso.","En mi ciudad, hay muchas [gentes]{gente}<in:p:noun:an> [famoso]{famosas}<ga:na:fm:ps:adj:an>.",2,[gentes]{gente}<in:p:noun:an>,0,in:p:noun:an,gente,gentes,"['En', 'mi', 'ciudad', ',', 'hay', 'muchas', 'gente', 'famosas', '.']","[6, 16]",number agreement,"['En', 'mi', 'ciudad', ',', 'hay', 'muchas', 'gentes', 'famosas', '.']",number agreement,"[5, 7]","{'2': 3, '4': 2, '5': 2, '6': 1, '7': 2, '12': 3, '14': 2, '15': 2, '16': 1, '17': 2}",A,in:p,"{'2': 3, '4': 2, '5': 2, '6': 1, '7': 2}"
3127,55,89,5443b9145e4feeb35a7ead3c4572dad93fc3e7fed6aab1d85b79011ac8b3667c,SPA 2,Todos los gentes estaron riendo mucho.,[Todos]{todas}<ga:fm:det:an> [los]{las}<ga:fm:det:an> [gentes]{gente}<in:p:gat:noun:an> estaron riendo mucho.,3,[gentes]{gente}<in:p:gat:noun:an>,2,in:p:gat:noun:an,gente,gentes,"['todas', 'las', 'gente', 'estaron', 'riendo', 'mucho', '.']","[2, 10]",number agreement,"['todas', 'las', 'gentes', 'estaron', 'riendo', 'mucho', '.']",number agreement,"[0, 3]","{'0': 3, '1': 2, '2': 1, '3': 2, '4': 3, '8': 3, '9': 2, '10': 1, '11': 2, '12': 3}",A,in:p:gat:noun,"{'0': 3, '1': 2, '2': 1, '3': 2, '4': 3}"
2478,846,1424,80fc92d4a2f6798ee39aa9da1197f494f7c5fea2f4ffc683afb3cc1e8dbd51fd,SPA 2,"Todavía, yo estoy esperando mi vacación perfecta.","Todavía, yo estoy esperando mi [vacación]{vacaciones}<in:s:noun:inan> perfecta.",1,[vacación]{vacaciones}<in:s:noun:inan>,0,in:s:noun:inan,vacaciones,vacación,"['Todavía', ',', 'yo', 'estoy', 'esperando', 'mi', 'vacaciones', 'perfecta', '.']","[6, 16]",number agreement,"['Todavía', ',', 'yo', 'estoy', 'esperando', 'mi', 'vacación', 'perfecta', '.']",number agreement,[6],"{'0': 3, '2': 3, '3': 3, '4': 2, '5': 2, '6': 1, '7': 2, '10': 3, '12': 3, '13': 3, '14': 2, '15': 2, '16': 1, '17': 2}",A,in:s,"{'0': 3, '2': 3, '3': 3, '4': 2, '5': 2, '6': 1, '7': 2}"
3679,350,534,e6cf33e81cf9a3d8c737de13c8596983db50de6f3e886075f9d47e0dbaf7b5b1,SPA 1,Ella lleve camiseta y pantalones bonitas.,Ella lleve [camiseta]{camisetas}<na:ps:adj:inan> y pantalones [bonitas]{bonitos}<ga:mf:adj:inan>.,2,[camiseta]{camisetas}<na:ps:adj:inan>,0,na:ps:adj:inan,camisetas,camiseta,"['Ella', 'lleve', 'camisetas', 'y', 'pantalones', 'bonitos', '.']","[2, 10]",number agreement,"['Ella', 'lleve', 'camiseta', 'y', 'pantalones', 'bonitos', '.']",number agreement,[2],"{'0': 3, '1': 2, '2': 1, '3': 3, '4': 2, '5': 3, '8': 3, '9': 2, '10': 1, '11': 3, '12': 2, '13': 3}",A,na:ps,"{'0': 3, '1': 2, '2': 1, '3': 3, '4': 2, '5': 3}"
4736,835,1396,71ab11e6ef4121bee4ccd0a50bd2c60bb5ada7cdf3a4b4f6dce68b02738654a9,SPA 2,El vacación perfecto es Italy.,[El]{la}<ga:fm:det:inan> [vacación]{vacaciones}<in:s:gat:noun:inan> [perfecto]{perfecta}<ga:fm:adj:inan> es Italy.,3,[vacación]{vacaciones}<in:s:gat:noun:inan>,1,in:s:gat:noun:inan,vacaciones,vacación,"['la', 'vacaciones', 'perfecta', 'es', 'Italy', '.']","[1, 8]",number agreement,"['la', 'vacación', 'perfecta', 'es', 'Italy', '.']",number agreement,[1],"{'0': 2, '1': 1, '2': 2, '3': 2, '4': 3, '7': 2, '8': 1, '9': 2, '10': 2, '11': 3}",A,in:s:gat:noun,"{'0': 2, '1': 1, '2': 2, '3': 2, '4': 3}"
4477,716,1195,ea91582ae64ffcbbde285f2750c75cef42bd9806ddb949f933f66ee7f0e839de,SPA 3,Es perfecto para el vacacion.,Es perfecto para [el]{la}<ga:fm:det:inan> [vacacion]{vacaciones}<in:s:noun:inan> .,2,[vacacion]{vacaciones}<in:s:noun:inan>,1,in:s:noun:inan,vacaciones,vacacion,"['Es', 'perfecto', 'para', 'la', 'vacaciones', '.']","[4, 11]",number agreement,"['Es', 'perfecto', 'para', 'la', 'vacacion', '.']",number agreement,[4],"{'0': 3, '1': 2, '2': 2, '3': 2, '4': 1, '7': 3, '8': 2, '9': 2, '10': 2, '11': 1}",A,in:s,"{'0': 3, '1': 2, '2': 2, '3': 2, '4': 1}"
2542,878,1491,b83f311d97135f069ec296268824158f0210ef1b5510dfd680225952fad1d522,SPA 3,La vacación debes ser larga.,La [vacación]{vacaciones}<in:s:noun:inan> debes ser larga.,1,[vacación]{vacaciones}<in:s:noun:inan>,0,in:s:noun:inan,vacaciones,vacación,"['La', 'vacaciones', 'debes', 'ser', 'larga', '.']","[1, 8]",number agreement,"['La', 'vacación', 'debes', 'ser', 'larga', '.']",number agreement,"[1, 2]","{'0': 2, '1': 1, '2': 3, '3': 3, '4': 2, '7': 2, '8': 1, '9': 3, '10': 3, '11': 2}",A,in:s,"{'0': 2, '1': 1, '2': 3, '3': 3, '4': 2}"
2342,787,1297,19e6401b04ef62c67580dbd6b65497b3ecf83dc8c82408283afaa3783d6f6d6b,SPA 3,Mi vacación que quiero ir es a Cancún.,Mi [vacación]{vacaciones}<in:s:noun:inan> que quiero ir es a Cancún.,1,[vacación]{vacaciones}<in:s:noun:inan>,0,in:s:noun:inan,vacaciones,vacación,"['Mi', 'vacaciones', 'que', 'quiero', 'ir', 'es', 'a', 'Cancún', '.']","[1, 11]",number agreement,"['Mi', 'vacación', 'que', 'quiero', 'ir', 'es', 'a', 'Cancún', '.']",number agreement,[1],"{'0': 2, '1': 1, '2': 3, '3': 2, '5': 3, '10': 2, '11': 1, '12': 3, '13': 2, '15': 3}",A,in:s,"{'0': 2, '1': 1, '2': 3, '3': 2, '5': 3}"
1824,593,1026,c22f8080325a1dc03f725fcbc4ea6e557d280ad8f773b3aeb5e84dd575b84ef3,SPA 2,Mis vacaciones perfecta sería en Hawai.,Mis vacaciones [perfecta]{perfectas}<na:ps:adj:inan> sería en Hawai.,1,[perfecta]{perfectas}<na:ps:adj:inan>,0,na:ps:adj:inan,perfectas,perfecta,"['Mis', 'vacaciones', 'perfectas', 'sería', 'en', 'Hawai', '.']","[2, 10]",number agreement,"['Mis', 'vacaciones', 'perfecta', 'sería', 'en', 'Hawai', '.']",number agreement,[1],"{'0': 3, '1': 2, '2': 1, '5': 3, '8': 3, '9': 2, '10': 1, '13': 3}",A,na:ps,"{'0': 3, '1': 2, '2': 1, '5': 3}"
823,179,267,61e83c0f9545ad4c60b92a0ca42b4b4805da181e02fa2f8900ca42ea78fa9f82,SPA 2,Ella tiene los ojos azules muy linda.,Ella tiene los ojos azules muy [linda]{lindos}<ga:na:mf:ps:adj:inan>.,1,[linda]{lindos}<ga:na:mf:ps:adj:inan>,0,ga:na:mf:ps:adj:inan,lindos,linda,"['Ella', 'tiene', 'los', 'ojos', 'azules', 'muy', 'lindos', '.']","[6, 15]",gender and number agreement,"['Ella', 'tiene', 'los', 'ojos', 'azules', 'muy', 'linda', '.']",gender and number agreement,"[2, 3]","{'1': 3, '2': 3, '3': 2, '4': 3, '5': 2, '6': 1, '10': 3, '11': 3, '12': 2, '13': 3, '14': 2, '15': 1}",A,ga:na:mf:ps,"{'1': 3, '2': 3, '3': 2, '4': 3, '5': 2, '6': 1}"
3660,329,498,cbb26b8d51266fea8f3de40f897b94b6b5d5d83b3a645d603316e9eb361b1297,SPA 2,"En mi ciudad, hay muchas gentes famoso.","En mi ciudad, hay muchas [gentes]{gente}<in:p:noun:an> [famoso]{famosas}<ga:na:fm:ps:adj:an>.",2,[famoso]{famosas}<ga:na:fm:ps:adj:an>,1,ga:na:fm:ps:adj:an,famosas,famoso,"['En', 'mi', 'ciudad', ',', 'hay', 'muchas', 'gente', 'famosas', '.']","[7, 17]",gender and number agreement,"['En', 'mi', 'ciudad', ',', 'hay', 'muchas', 'gente', 'famoso', '.']",gender and number agreement,[5],"{'4': 3, '5': 3, '6': 2, '7': 1, '14': 3, '15': 3, '16': 2, '17': 1}",A,ga:na:fm:ps,"{'4': 3, '5': 3, '6': 2, '7': 1}"
2594,905,1541,d82e9e888adea10cbf5790295d50e093737de2db4781dd5781b61bc2a852c8e7,SPA 1,Esto es unas vacaciones perfectas para mí.,[Esto]{estas}<ga:na:fm:ps:pron:inan> es unas vacaciones perfectas para mí.,1,[Esto]{estas}<ga:na:fm:ps:pron:inan>,0,ga:na:fm:ps:pron:inan,estas,Esto,"['estas', 'es', 'unas', 'vacaciones', 'perfectas', 'para', 'mí', '.']","[0, 9]",gender and number agreement,"['Esto', 'es', 'unas', 'vacaciones', 'perfectas', 'para', 'mí', '.']",gender and number agreement,[3],"{'0': 1, '1': 3, '2': 3, '3': 2, '4': 3, '6': 3, '9': 1, '10': 3, '11': 3, '12': 2, '13': 3, '15': 3}",A,ga:na:fm:ps,"{'0': 1, '1': 3, '2': 3, '3': 2, '4': 3, '6': 3}"
773,164,250,8021e2f5df820d1136bf19f23f86239398dda6a607db3da9e3dfb6b36188723e,SPA 2,Trump necesita mucho tareas de UC Davis.,Trump necesita [mucho]{muchas}<ga:na:fm:ps:det:inan> tareas de UC Davis.,1,[mucho]{muchas}<ga:na:fm:ps:det:inan>,0,ga:na:fm:ps:det:inan,muchas,mucho,"['Trump', 'necesita', 'muchas', 'tareas', 'de', 'UC', 'Davis', '.']","[2, 11]",gender and number agreement,"['Trump', 'necesita', 'mucho', 'tareas', 'de', 'UC', 'Davis', '.']",gender and number agreement,[3],"{'1': 3, '2': 1, '3': 2, '5': 3, '10': 3, '11': 1, '12': 2, '14': 3}",A,ga:na:fm:ps,"{'1': 3, '2': 1, '3': 2, '5': 3}"
2048,683,1154,b9baa8ce783672800c2eebd860678b93762fd83da87b5c61656ecfa112f5a7b9,SPA 1,Las comidas son muchos delicioso.,Las comidas son muchos [delicioso]{deliciosas}<ga:na:fm:ps:adj:inan>.,1,[delicioso]{deliciosas}<ga:na:fm:ps:adj:inan>,0,ga:na:fm:ps:adj:inan,deliciosas,delicioso,"['Las', 'comidas', 'son', 'muchos', 'deliciosas', '.']","[4, 11]",gender and number agreement,"['Las', 'comidas', 'son', 'muchos', 'delicioso', '.']",gender and number agreement,"[0, 1]","{'0': 3, '1': 2, '2': 2, '3': 2, '4': 1, '7': 3, '8': 2, '9': 2, '10': 2, '11': 1}",A,ga:na:fm:ps,"{'0': 3, '1': 2, '2': 2, '3': 2, '4': 1}"
4165,561,976,c4519fa347acef121ed268ed59d3a05100d2b9ead2c77ac92695a209dd70ade8,SPA 2,Mi perfecto vacaciones comienzo cuando me despierto tarde.,[Mi]{mis}<na:ps:det:inan> [perfecto]{perfectas}<ga:na:fm:ps:adj:inan> vacaciones comienzo cuando me despierto tarde.,2,[perfecto]{perfectas}<ga:na:fm:ps:adj:inan>,1,ga:na:fm:ps:adj:inan,perfectas,perfecto,"['mis', 'perfectas', 'vacaciones', 'comienzo', 'cuando', 'me', 'despierto', 'tarde', '.']","[1, 11]",gender and number agreement,"['mis', 'perfecto', 'vacaciones', 'comienzo', 'cuando', 'me', 'despierto', 'tarde', '.']",gender and number agreement,[2],"{'0': 3, '1': 1, '2': 2, '3': 3, '6': 3, '10': 3, '11': 1, '12': 2, '13': 3, '16': 3}",A,ga:na:fm:ps,"{'0': 3, '1': 1, '2': 2, '3': 3, '6': 3}"
2161,725,1204,7b40fd7df4f273733c61392e4006e134505b00c80e8096a729f5efa1a6a6c5fc,SPA 2,España tiene mucho cosas que hacer.,España tiene [mucho]{muchas}<ga:na:fm:ps:det:inan> cosas que hacer.,1,[mucho]{muchas}<ga:na:fm:ps:det:inan>,0,ga:na:fm:ps:det:inan,muchas,mucho,"['España', 'tiene', 'muchas', 'cosas', 'que', 'hacer', '.']","[2, 10]",gender and number agreement,"['España', 'tiene', 'mucho', 'cosas', 'que', 'hacer', '.']",gender and number agreement,[3],"{'1': 3, '2': 1, '3': 2, '5': 3, '9': 3, '10': 1, '11': 2, '13': 3}",A,ga:na:fm:ps,"{'1': 3, '2': 1, '3': 2, '5': 3}"
1457,436,718,3329aeaa6247a97203cf58ffb7701708bd5490c6712a6d7e4f9133724072798c,SPA 1,Carlos Santana tiene mas famoso canciones.,Carlos Santana tiene mas [famoso]{famosas}<ga:na:fm:ps:adj:inan> canciones.,1,[famoso]{famosas}<ga:na:fm:ps:adj:inan>,0,ga:na:fm:ps:adj:inan,famosas,famoso,"['Carlos', 'Santana', 'tiene', 'mas', 'famosas', 'canciones', '.']","[4, 12]",gender and number agreement,"['Carlos', 'Santana', 'tiene', 'mas', 'famoso', 'canciones', '.']",gender and number agreement,[5],"{'2': 3, '3': 2, '4': 1, '5': 2, '10': 3, '11': 2, '12': 1, '13': 2}",A,ga:na:fm:ps,"{'2': 3, '3': 2, '4': 1, '5': 2}"
3409,206,303,64b9306dab405f40a498b33fa323a4e752d7fdf7ca269ef8c9b9aec6e6397267,SPA 2,Respeto muchas jugador de deportes profesionales.,Respeto [muchas]{muchos}<ga:na:mf:sp:det:an> [jugador]{jugadores}<na:ps:noun:an> de deportes profesionales.,2,[muchas]{muchos}<ga:na:mf:sp:det:an>,0,ga:na:mf:sp:det:an,muchos,muchas,"['Respeto', 'muchos', 'jugadores', 'de', 'deportes', 'profesionales', '.']","[1, 9]",gender and number agreement,"['Respeto', 'muchas', 'jugadores', 'de', 'deportes', 'profesionales', '.']",gender and number agreement,[2],"{'0': 3, '1': 1, '2': 2, '4': 3, '8': 3, '9': 1, '10': 2, '12': 3}",A,ga:na:mf:sp,"{'0': 3, '1': 1, '2': 2, '4': 3}"
4932,937,1595,45cb772775467cfd443567ac1ce70d8e8e755a0a23c2486598e3aad6bd15f781,SPA 3,Un vacaciones perfecto estaría en Ireland.,[Un]{unas}<ga:na:fm:ps:det:inan> vacaciones [perfecto]{perfectas}<ga:na:fm:ps:adj:inan> estaría en Ireland.,2,[perfecto]{perfectas}<ga:na:fm:ps:adj:inan>,1,ga:na:fm:ps:adj:inan,perfectas,perfecto,"['unas', 'vacaciones', 'perfectas', 'estaría', 'en', 'Ireland', '.']","[2, 10]",gender and number agreement,"['unas', 'vacaciones', 'perfecto', 'estaría', 'en', 'Ireland', '.']",gender and number agreement,[1],"{'0': 3, '1': 2, '2': 1, '5': 3, '8': 3, '9': 2, '10': 1, '13': 3}",A,ga:na:fm:ps,"{'0': 3, '1': 2, '2': 1, '5': 3}"
1405,414,693,c2c3a5f9797fdce6ba001c103923f27c7018f67895a37b6ba7d7b6bbfa9756ee,SPA 3,Probable que elle tenga nuevo cancións.,Probable que elle tenga [nuevo]{nuevas}<ga:na:fm:ps:det:inan> cancións.,1,[nuevo]{nuevas}<ga:na:fm:ps:det:inan>,0,ga:na:fm:ps:det:inan,nuevas,nuevo,"['Probable', 'que', 'elle', 'tenga', 'nuevas', 'cancións', '.']","[4, 12]",gender and number agreement,"['Probable', 'que', 'elle', 'tenga', 'nuevo', 'cancións', '.']",gender and number agreement,[5],"{'3': 3, '4': 1, '5': 2, '11': 3, '12': 1, '13': 2}",A,ga:na:fm:ps,"{'3': 3, '4': 1, '5': 2}"
2718,954,1628,7c8f8a59420766111d6c3089d9b4bdbc1e3291bdeca1db3d9e0767c1d0f74ba6,SPA 3,Mis vacaciones perfecto seria en un otro país.,Mis vacaciones [perfecto]{perfectas}<ga:na:fm:ps:adj:inan> seria en un otro país.,1,[perfecto]{perfectas}<ga:na:fm:ps:adj:inan>,0,ga:na:fm:ps:adj:inan,perfectas,perfecto,"['Mis', 'vacaciones', 'perfectas', 'seria', 'en', 'un', 'otro', 'país', '.']","[2, 12]",gender and number agreement,"['Mis', 'vacaciones', 'perfecto', 'seria', 'en', 'un', 'otro', 'país', '.']",gender and number agreement,[1],"{'0': 3, '1': 2, '2': 1, '3': 3, '7': 3, '10': 3, '11': 2, '12': 1, '13': 3, '17': 3}",A,ga:na:fm:ps,"{'0': 3, '1': 2, '2': 1, '3': 3, '7': 3}"
4216,586,1011,30a24dc463685f2a7a2bf894df940b35fc8dfbcc3a4c3e487dd4a56c71dfdb46,SPA 3,Mi perfecto vacaciones seria en Hawaii.,[Mi]{mis}<na:ps:det:inan> [perfecto]{perfectas}<ga:na:fm:ps:adj:inan> vacaciones seria en Hawaii.,2,[perfecto]{perfectas}<ga:na:fm:ps:adj:inan>,1,ga:na:fm:ps:adj:inan,perfectas,perfecto,"['mis', 'perfectas', 'vacaciones', 'seria', 'en', 'Hawaii', '.']","[1, 9]",gender and number agreement,"['mis', 'perfecto', 'vacaciones', 'seria', 'en', 'Hawaii', '.']",gender and number agreement,[2],"{'0': 3, '1': 1, '2': 2, '3': 3, '5': 3, '8': 3, '9': 1, '10': 2, '11': 3, '13': 3}",A,ga:na:fm:ps,"{'0': 3, '1': 1, '2': 2, '3': 3, '5': 3}"
3836,437,719,baaaf7648b9debcf7e7564c4d0a3e4a73e218c0bd4f94b4eadddd84452d3188a,SPA 2,Otro personas famoso es en el cine.,[Otro]{otras}<ga:na:fm:ps:det:an> personas [famoso]{famosas}<ga:na:fm:ps:adj:an> es en el cine.,2,[Otro]{otras}<ga:na:fm:ps:det:an>,0,ga:na:fm:ps:det:an,otras,Otro,"['otras', 'personas', 'famosas', 'es', 'en', 'el', 'cine', '.']","[0, 9]",gender and number agreement,"['Otro', 'personas', 'famosas', 'es', 'en', 'el', 'cine', '.']",gender and number agreement,[1],"{'0': 1, '1': 2, '2': 3, '6': 3, '9': 1, '10': 2, '11': 3, '15': 3}",A,ga:na:fm:ps,"{'0': 1, '1': 2, '2': 3, '6': 3}"
3076,18,29,4a3da3578d0856b6eeb36d7c2541745225d50cbb76c8290d051077ff70eb2b13,SPA 3,Keanu Reeves hecho mucho peliculas de action buenos.,Keanu Reeves hecho [mucho]{muchas}<ga:na:fm:ps:det:inan> peliculas de action [buenos]{buenas}<ga:fm:adj:inan>.,2,[mucho]{muchas}<ga:na:fm:ps:det:inan>,0,ga:na:fm:ps:det:inan,muchas,mucho,"['Keanu', 'Reeves', 'hecho', 'muchas', 'peliculas', 'de', 'action', 'buenas', '.']","[3, 13]",gender and number agreement,"['Keanu', 'Reeves', 'hecho', 'mucho', 'peliculas', 'de', 'action', 'buenas', '.']",gender and number agreement,[4],"{'2': 3, '3': 1, '4': 2, '6': 3, '12': 3, '13': 1, '14': 2, '16': 3}",A,ga:na:fm:ps,"{'2': 3, '3': 1, '4': 2, '6': 3}"
1759,561,976,a2f28270d9bcc80113b55a81a45fb5588040bf65b773524f69a05eeef56988aa,SPA 2,Mi novia querría tomar mucho fotos.,Mi novia querría tomar [mucho]{muchas}<ga:na:fm:ps:det:aty:inan> fotos.,1,[mucho]{muchas}<ga:na:fm:ps:det:aty:inan>,0,ga:na:fm:ps:det:aty:inan,muchas,mucho,"['Mi', 'novia', 'querría', 'tomar', 'muchas', 'fotos', '.']","[4, 12]",gender and number agreement,"['Mi', 'novia', 'querría', 'tomar', 'mucho', 'fotos', '.']",gender and number agreement,[4],"{'3': 3, '4': 1, '5': 2, '11': 3, '12': 1, '13': 2}",A,ga:na:fm:ps,"{'3': 3, '4': 1, '5': 2}"
4180,566,984,2c946cef28af6b552edc91498fbdfabe8f05d21ae35c48db335570386dd1a819,SPA 3,Los peces es bonita y tiene muchas colores.,Los peces es [bonita]{bonitos}<ga:na:mf:ps:adj:inan> y tiene [muchas]{muchos}<ga:mf:det:inan> colores.,2,[bonita]{bonitos}<ga:na:mf:ps:adj:inan>,0,ga:na:mf:ps:adj:inan,bonitos,bonita,"['Los', 'peces', 'es', 'bonitos', 'y', 'tiene', 'muchos', 'colores', '.']","[3, 13]",gender and number agreement,"['Los', 'peces', 'es', 'bonita', 'y', 'tiene', 'muchos', 'colores', '.']",gender and number agreement,"[0, 1]","{'0': 3, '1': 2, '2': 2, '3': 1, '4': 3, '5': 2, '7': 3, '10': 3, '11': 2, '12': 2, '13': 1, '14': 3, '15': 2, '17': 3}",A,ga:na:mf:ps,"{'0': 3, '1': 2, '2': 2, '3': 1, '4': 3, '5': 2, '7': 3}"
5222,47,1623,d136aa5a6cdd9ba0c56a12b3e4b24b37f0f8293d013291e87537f0d7cd743238,SPA 2,"Entonces será certificado como “perfecto"".","Entonces será [certificado]{certificadas}<ga:fm:adj:inan> como ""[perfecto]{perfectas}<ga:na:fm:ps:adj:inan>"".",2,[perfecto]{perfectas}<ga:na:fm:ps:adj:inan>,1,ga:na:fm:ps:adj:inan,perfectas,perfecto,"['Entonces', 'será', 'certificadas', 'como', '""', 'perfectas', '""', '.']","[5, 14]",gender and number agreement,"['Entonces', 'será', 'certificadas', 'como', '""', 'perfecto', '""', '.']",gender and number agreement,"[0, 2]","{'2': 3, '3': 3, '4': 2, '5': 1, '11': 3, '12': 3, '13': 2, '14': 1}",A,ga:na:fm:ps,"{'2': 3, '3': 3, '4': 2, '5': 1}"
3183,75,122,3a3993e8da2ccbf08c47b5462f30fadf28defd4069fc3e64e281f9c3e8c44648,SPA 3,Adam y Selena son flacco and muy bonita.,Adam y Selena son [flacco]{flacos}<na:ps:adj:an> and muy [bonita]{bonitos}<ga:na:mf:ps:adj:an>.,2,[bonita]{bonitos}<ga:na:mf:ps:adj:an>,1,ga:na:mf:ps:adj:an,bonitos,bonita,"['Adam', 'y', 'Selena', 'son', 'flacos', 'and', 'muy', 'bonitos', '.']","[7, 17]",gender and number agreement,"['Adam', 'y', 'Selena', 'son', 'flacos', 'and', 'muy', 'bonita', '.']",gender and number agreement,"[0, 1, 2]","{'4': 3, '5': 2, '6': 2, '7': 1, '14': 3, '15': 2, '16': 2, '17': 1}",A,ga:na:mf:ps,"{'4': 3, '5': 2, '6': 2, '7': 1}"
4233,591,1022,f5502334cc91a3b1310897944c13e8506c3f3e2bbe86e54503e2e7711787eed7,SPA 2,El vacaciones a Hawaii estaría perfecto.,[El]{las}<ga:na:fm:ps:det:inan> vacaciones a Hawaii estaría [perfecto]{perfectas}<ga:na:fm:ps:adj:inan>.,2,[perfecto]{perfectas}<ga:na:fm:ps:adj:inan>,1,ga:na:fm:ps:adj:inan,perfectas,perfecto,"['las', 'vacaciones', 'a', 'Hawaii', 'estaría', 'perfectas', '.']","[5, 13]",gender and number agreement,"['las', 'vacaciones', 'a', 'Hawaii', 'estaría', 'perfecto', '.']",gender and number agreement,"[0, 1]","{'0': 3, '1': 2, '3': 3, '4': 2, '5': 1, '8': 3, '9': 2, '11': 3, '12': 2, '13': 1}",A,ga:na:fm:ps,"{'0': 3, '1': 2, '3': 3, '4': 2, '5': 1}"
4544,745,1228,fb83ca0ced7ca4868a9e1cd1d35652a54e804992f51fbda3dbb6bf4eb6bf3b15,SPA 2,Mi perfecto vacaciones es viajando el mundo.,[Mi]{mis}<na:ps:det:inan> [perfecto]{perfectas}<ga:na:fm:ps:adj:inan> vacaciones es viajando el mundo.,2,[perfecto]{perfectas}<ga:na:fm:ps:adj:inan>,1,ga:na:fm:ps:adj:inan,perfectas,perfecto,"['mis', 'perfectas', 'vacaciones', 'es', 'viajando', 'el', 'mundo', '.']","[1, 10]",gender and number agreement,"['mis', 'perfecto', 'vacaciones', 'es', 'viajando', 'el', 'mundo', '.']",gender and number agreement,[2],"{'0': 3, '1': 1, '2': 2, '3': 3, '9': 3, '10': 1, '11': 2, '12': 3}",A,ga:na:fm:ps,"{'0': 3, '1': 1, '2': 2, '3': 3}"
2124,711,1190,c63b1a1c7191239b4942145a301d72ca6146e8217c3ae4c3b9ab99749e59a904,SPA 1,Mis vacaciones perfectas incluye mucho actividades.,Mis vacaciones perfectas incluye [mucho]{muchas}<ga:na:fm:ps:det:inan> actividades.,1,[mucho]{muchas}<ga:na:fm:ps:det:inan>,0,ga:na:fm:ps:det:inan,muchas,mucho,"['Mis', 'vacaciones', 'perfectas', 'incluye', 'muchas', 'actividades', '.']","[4, 12]",gender and number agreement,"['Mis', 'vacaciones', 'perfectas', 'incluye', 'mucho', 'actividades', '.']",gender and number agreement,[5],"{'3': 3, '4': 1, '5': 2, '11': 3, '12': 1, '13': 2}",A,ga:na:fm:ps,"{'3': 3, '4': 1, '5': 2}"
1390,407,678,8edf67e9c52859d13cfff0894b9c367c3489fc25a838d9137c2c340f1adba65f,SPA 3,Taylor tiene muchos amigos famosa.,Taylor tiene muchos amigos [famosa]{famosos}<ga:na:mf:ps:adj:an>.,1,[famosa]{famosos}<ga:na:mf:ps:adj:an>,0,ga:na:mf:ps:adj:an,famosos,famosa,"['Taylor', 'tiene', 'muchos', 'amigos', 'famosos', '.']","[4, 11]",gender and number agreement,"['Taylor', 'tiene', 'muchos', 'amigos', 'famosa', '.']",gender and number agreement,[3],"{'1': 3, '2': 3, '3': 2, '4': 1, '8': 3, '9': 3, '10': 2, '11': 1}",A,ga:na:mf:ps,"{'1': 3, '2': 3, '3': 2, '4': 1}"
4931,937,1595,45cb772775467cfd443567ac1ce70d8e8e755a0a23c2486598e3aad6bd15f781,SPA 3,Un vacaciones perfecto estaría en Ireland.,[Un]{unas}<ga:na:fm:ps:det:inan> vacaciones [perfecto]{perfectas}<ga:na:fm:ps:adj:inan> estaría en Ireland.,2,[Un]{unas}<ga:na:fm:ps:det:inan>,0,ga:na:fm:ps:det:inan,unas,Un,"['unas', 'vacaciones', 'perfectas', 'estaría', 'en', 'Ireland', '.']","[0, 8]",gender and number agreement,"['Un', 'vacaciones', 'perfectas', 'estaría', 'en', 'Ireland', '.']",gender and number agreement,[0],"{'0': 1, '1': 2, '2': 3, '5': 3, '8': 1, '9': 2, '10': 3, '13': 3}",A,ga:na:fm:ps,"{'0': 1, '1': 2, '2': 3, '5': 3}"
3184,75,122,3ebecffa115ee2f73c38f402968793621d37fb2219cf8b8c52bcb5fb8730cc52,SPA 3,Ellos tienen mucho activitidads en la programa television.,Ellos tienen [mucho]{muchas}<ga:na:fm:ps:det:inan> activitidads en [la]{el}<ga:mf:det:aty:inan> programa television.,2,[mucho]{muchas}<ga:na:fm:ps:det:inan>,0,ga:na:fm:ps:det:inan,muchas,mucho,"['Ellos', 'tienen', 'muchas', 'activitidads', 'en', 'el', 'programa', 'television', '.']","[2, 12]",gender and number agreement,"['Ellos', 'tienen', 'mucho', 'activitidads', 'en', 'el', 'programa', 'television', '.']",gender and number agreement,[3],"{'1': 3, '2': 1, '3': 2, '11': 3, '12': 1, '13': 2}",A,ga:na:fm:ps,"{'1': 3, '2': 1, '3': 2}"
