orig_index,Unnamed: 0,paragraph_id,sentence_id,course,essay_new,annotated_sentence,full_error_tag,error_tag,correction,error,target,source,correction_index,new_error_type,final_evident_index,target_sentence,source_sentence,error_type,evidence_index,predicted_parsing_order,origin,orig_error_type,predicted_parsing_order_src
527,327,1216,f2631b286db0920720136d8b06bc5ef0a568088c9f223d3687d8df967416bb3e,SPA 2,Yo Me encuentro un novio.,Yo Me encuentro []{a}<az:io:an> un novio.,[]{a}<az:io:an>,az:io:an,a,,"['Yo', 'Me', 'encuentro', 'a', 'un', 'novio', '.']","['Yo', 'Me', 'encuentro', '[NONE]', 'un', 'novio', '.']","[3, 11]",article,"[0, 2, 4, 5, 8, 10, 12, 13]",Yo Me encuentro a un novio.,Yo Me encuentro [NONE] un novio.,article,"[0, 2, 4, 5, 8, 10, 12, 13]","{'2': 3, '3': 1, '4': 2, '10': 3, '11': 1, '12': 2}",A,article,"{'2': 3, '3': 1, '4': 2}"
298,61,213,5d05b83c7c2496c926dcbe94b86cda9a45301b66b85b46f58e06e81aa6d7ef65,SPA 3,tener éxito y siempre motivó King.,tener éxito y siempre motivó []{a}<az:do:an>  King.,[]{a}<az:do:an>,az:do:an,a,,"['tener', 'éxito', 'y', 'siempre', 'motivó', 'a', 'King', '.']","['tener', 'éxito', 'y', 'siempre', 'motivó', '[NONE]', 'King', '.']","[5, 14]",article,"[0, 4, 7, 9, 13, 16]",tener éxito y siempre motivó a King.,tener éxito y siempre motivó [NONE] King.,article,"[0, 4, 7, 9, 13, 16]","{'0': 3, '2': 3, '3': 3, '4': 2, '5': 1, '9': 3, '11': 3, '12': 3, '13': 2, '14': 1}",A,article,"{'0': 3, '2': 3, '3': 3, '4': 2, '5': 1}"
282,44,188,abaa1115943126daffbcc7829fc96a54cd4d72ea887096b1bdf1805ac6198df7,SPA 1,Barack Obama ama su esposa.,Barack Obama ama []{a}<az:do:an> su esposa.,[]{a}<az:do:an>,az:do:an,a,,"['Barack', 'Obama', 'ama', 'a', 'su', 'esposa', '.']","['Barack', 'Obama', 'ama', '[NONE]', 'su', 'esposa', '.']","[3, 11]",article,"[0, 1, 2, 4, 5, 8, 9, 10, 12, 13]",Barack Obama ama a su esposa.,Barack Obama ama [NONE] su esposa.,article,"[0, 1, 2, 4, 5, 8, 9, 10, 12, 13]","{'2': 3, '3': 1, '4': 2, '10': 3, '11': 1, '12': 2}",A,article,"{'2': 3, '3': 1, '4': 2}"
258,18,112,ec9b28700c3f0eb5069d1a2933862c8835fbb75244fa3b08619d75f7cf6713c9,SPA 3,Ojalá me conozca ella en la futura.,Ojalá me conozca []{a}<az:do:an> ella en la futura.,[]{a}<az:do:an>,az:do:an,a,,"['Ojalá', 'me', 'conozca', 'a', 'ella', 'en', 'la', 'futura', '.']","['Ojalá', 'me', 'conozca', '[NONE]', 'ella', 'en', 'la', 'futura', '.']","[3, 13]",article,"[0, 2, 5, 10, 12, 15]",Ojalá me conozca a ella en la futura.,Ojalá me conozca [NONE] ella en la futura.,article,"[0, 2, 5, 10, 12, 15]","{'0': 3, '1': 3, '2': 2, '3': 1, '6': 3, '10': 3, '11': 3, '12': 2, '13': 1, '16': 3}",A,article,"{'0': 3, '1': 3, '2': 2, '3': 1, '6': 3}"
480,278,1100,9ebe5f7247d700a07377ff6789eb8261e6b04d2b83d5b2f894b29bb12f5c27c4,SPA 3,Quiero ver muchos animales.,Quiero ver []{a}<az:do:an> muchos animales.,[]{a}<az:do:an>,az:do:an,a,,"['Quiero', 'ver', 'a', 'muchos', 'animales', '.']","['Quiero', 'ver', '[NONE]', 'muchos', 'animales', '.']","[2, 9]",article,"[0, 1, 4, 7, 8, 11]",Quiero ver a muchos animales.,Quiero ver [NONE] muchos animales.,article,"[0, 1, 4, 7, 8, 11]","{'1': 3, '2': 1, '3': 2, '8': 3, '9': 1, '10': 2}",A,article,"{'1': 3, '2': 1, '3': 2}"
366,143,486,64cc9abcb4ce00692d75a5de73b16df80a6c86eb363baf0cf87636065ca79f49,SPA 3,Muchos personas conocen Beyonce en el mundo.,Muchos personas conocen []{a}<az:do:an>  Beyonce en el mundo.,[]{a}<az:do:an>,az:do:an,a,,"['Muchos', 'personas', 'conocen', 'a', 'Beyonce', 'en', 'el', 'mundo', '.']","['Muchos', 'personas', 'conocen', '[NONE]', 'Beyonce', 'en', 'el', 'mundo', '.']","[3, 13]",article,"[2, 4, 12, 14]",Muchos personas conocen a Beyonce en el mundo.,Muchos personas conocen [NONE] Beyonce en el mundo.,article,"[2, 4, 12, 14]","{'1': 3, '2': 2, '3': 1, '6': 3, '11': 3, '12': 2, '13': 1, '16': 3}",A,article,"{'1': 3, '2': 2, '3': 1, '6': 3}"
280,42,184,5dfe2a8bd626b9e75e003b185a7c67868be87bdda085d0f9f8210982d50e882e,SPA 3,Él trajo el equipo a muchos campeonatos.,Él trajo []{a}<az:do:an> el equipo a muchos campeonatos.,[]{a}<az:do:an>,az:do:an,a,,"['Él', 'trajo', 'a', 'el', 'equipo', 'a', 'muchos', 'campeonatos', '.']","['Él', 'trajo', '[NONE]', 'el', 'equipo', 'a', 'muchos', 'campeonatos', '.']","[2, 12]",article,"[0, 1, 3, 4, 6, 7, 10, 11, 13, 14, 16, 17]",Él trajo a el equipo a muchos campeonatos.,Él trajo [NONE] el equipo a muchos campeonatos.,article,"[0, 1, 3, 4, 6, 7, 10, 11, 13, 14, 16, 17]","{'1': 3, '2': 1, '3': 2, '11': 3, '12': 1, '13': 2}",A,article,"{'1': 3, '2': 1, '3': 2}"
294,57,209,e2a950e3768970223b8adc85ae592d6bdf24e63507c6f5af0a6a54c55ccaf46c,SPA 3,Muchas personas dudaron Messi y sus habilidades.,Muchas personas dudaron []{a}<az:do:an> Messi y sus habilidades.,[]{a}<az:do:an>,az:do:an,a,,"['Muchas', 'personas', 'dudaron', 'a', 'Messi', 'y', 'sus', 'habilidades', '.']","['Muchas', 'personas', 'dudaron', '[NONE]', 'Messi', 'y', 'sus', 'habilidades', '.']","[3, 13]",article,"[0, 1, 2, 4, 5, 6, 7, 10, 11, 12, 14, 15, 16, 17]",Muchas personas dudaron a Messi y sus habilidades.,Muchas personas dudaron [NONE] Messi y sus habilidades.,article,"[0, 1, 2, 4, 5, 6, 7, 10, 11, 12, 14, 15, 16, 17]","{'1': 3, '2': 2, '3': 1, '4': 3, '5': 3, '6': 2, '11': 3, '12': 2, '13': 1, '14': 3, '15': 3, '16': 2}",A,article,"{'1': 3, '2': 2, '3': 1, '4': 3, '5': 3, '6': 2}"
286,48,191,628f00b24706007641d2ea198452a8b1aabb93f7322a48f4fe008e23ba275c7c,SPA 2,Yo nesisito conocer el antes yo muerto.,Yo nesisito conocer []{a}<az:do:an> el antes yo muerto.,[]{a}<az:do:an>,az:do:an,a,,"['Yo', 'nesisito', 'conocer', 'a', 'el', 'antes', 'yo', 'muerto', '.']","['Yo', 'nesisito', 'conocer', '[NONE]', 'el', 'antes', 'yo', 'muerto', '.']","[3, 13]",article,"[0, 2, 4, 10, 12, 14]",Yo nesisito conocer a el antes yo muerto.,Yo nesisito conocer [NONE] el antes yo muerto.,article,"[0, 2, 4, 10, 12, 14]","{'2': 3, '3': 1, '4': 3, '5': 2, '6': 3, '12': 3, '13': 1, '14': 3, '15': 2, '16': 3}",A,article,"{'2': 3, '3': 1, '4': 3, '5': 2, '6': 3}"
395,180,707,708eae62054a618a4e6e12d579582998fda45632cbc17f29eec3fa6bc468abe7,SPA 1,Entonces la gente empieza a conocer Kanye.,Entonces la gente empieza a conocer []{a}<az:do:an> Kanye.,[]{a}<az:do:an>,az:do:an,a,,"['Entonces', 'la', 'gente', 'empieza', 'a', 'conocer', 'a', 'Kanye', '.']","['Entonces', 'la', 'gente', 'empieza', 'a', 'conocer', '[NONE]', 'Kanye', '.']","[6, 16]",article,"[2, 3, 4, 5, 12, 13, 14, 15]",Entonces la gente empieza a conocer a Kanye.,Entonces la gente empieza a conocer [NONE] Kanye.,article,"[2, 3, 4, 5, 12, 13, 14, 15]","{'3': 3, '4': 3, '5': 2, '6': 1, '13': 3, '14': 3, '15': 2, '16': 1}",A,article,"{'3': 3, '4': 3, '5': 2, '6': 1}"
3062,909,918,9337a0b6ed3534078f6b53029aca81c53355d9e9abd50334c75b434fcb3f4ab3,SPA 1,Visito mi abuela y mis amigas.,Visito []{a}<az:do:an> mi abuela y []{a}<az:do:an> mis amigas.,[]{a}<az:do:an>,az:do:an,a,,"['Visito', 'a', 'mi', 'abuela', 'y', 'a', 'mis', 'amigas', '.']","['Visito', '[NONE]', 'mi', 'abuela', 'y', 'a', 'mis', 'amigas', '.']","[1, 11]",article,"[0, 2, 3, 4, 5, 6, 7, 10, 12, 13, 14, 15, 16, 17]",Visito a mi abuela y a mis amigas.,Visito [NONE] mi abuela y a mis amigas.,article,"[0, 2, 3, 4, 5, 6, 7, 10, 12, 13, 14, 15, 16, 17]","{'0': 3, '1': 1, '2': 2, '5': 3, '10': 3, '11': 1, '12': 2, '15': 3}",A,article,"{'0': 3, '1': 1, '2': 2, '5': 3}"
5173,5,653,158b36f69271602fc79b0f0bc839cd62fd4b1f0d0b8ec71b13f05f4a1814aa70,SPA 3,Voy a traducir Kim Jong Un.,Voy a traducir []{a}<az:do:an>  Kim Jong Un.,[]{a}<az:do:an>,az:do:an,a,,"['Voy', 'a', 'traducir', 'a', 'Kim', 'Jong', 'Un', '.']","['Voy', 'a', 'traducir', '[NONE]', 'Kim', 'Jong', 'Un', '.']","[3, 12]",article,"[0, 1, 2, 4, 5, 6, 9, 10, 11, 13, 14, 15]",Voy a traducir a Kim Jong Un.,Voy a traducir [NONE] Kim Jong Un.,article,"[0, 1, 2, 4, 5, 6, 9, 10, 11, 13, 14, 15]","{'0': 3, '1': 3, '2': 2, '3': 1, '4': 2, '5': 2, '9': 3, '10': 3, '11': 2, '12': 1, '13': 2, '14': 2}",A,article,"{'0': 3, '1': 3, '2': 2, '3': 1, '4': 2, '5': 2}"
429,219,852,06337089ec1d2c1079520ecbd9ab58fa4982e7b5d2493cdbe47b53030a4e7d22,SPA 3,Él adoptó dos hijos.,Él adoptó []{a}<az:do:an> dos hijos.,[]{a}<az:do:an>,az:do:an,a,,"['Él', 'adoptó', 'a', 'dos', 'hijos', '.']","['Él', 'adoptó', '[NONE]', 'dos', 'hijos', '.']","[2, 9]",article,"[0, 1, 3, 4, 5, 7, 8, 10, 11, 12]",Él adoptó a dos hijos.,Él adoptó [NONE] dos hijos.,article,"[0, 1, 3, 4, 5, 7, 8, 10, 11, 12]","{'1': 3, '2': 1, '3': 2, '8': 3, '9': 1, '10': 2}",A,article,"{'1': 3, '2': 1, '3': 2}"
341,114,355,2e527f405cef967c6062ef9ae7435fdcb371d625b0a374b41259af71a0a71834,SPA 1,"Luego, él entrevista su huésped.","Luego, él entrevista []{a}<az:do:an> su huésped.",[]{a}<az:do:an>,az:do:an,a,,"['Luego', ',', 'él', 'entrevista', 'a', 'su', 'huésped', '.']","['Luego', ',', 'él', 'entrevista', '[NONE]', 'su', 'huésped', '.']","[4, 13]",article,"[1, 2, 3, 5, 10, 11, 12, 14]","Luego, él entrevista a su huésped.","Luego, él entrevista [NONE] su huésped.",article,"[1, 2, 3, 5, 10, 11, 12, 14]","{'3': 3, '4': 1, '5': 2, '12': 3, '13': 1, '14': 2}",A,article,"{'3': 3, '4': 1, '5': 2}"
447,240,960,1a7655102928aa90c6de3c2e72ebf746b8be548ec429b8ad2b209e6828061d4b,SPA 2,Vamos a montar a muchos paseos allí.,Vamos a montar [a]{}<za:do:inan> muchos paseos allí.,[a]{}<za:do:inan>,za:do:inan,,a,"['Vamos', 'a', 'montar', '[NONE]', 'muchos', 'paseos', 'allí', '.']","['Vamos', 'a', 'montar', 'a', 'muchos', 'paseos', 'allí', '.']","[3, 12]",article,"[1, 2, 10, 11]",Vamos a montar [NONE] muchos paseos allí.,Vamos a montar a muchos paseos allí.,article,"[1, 2, 10, 11]","{'2': 3, '3': 1, '4': 3, '5': 2, '11': 3, '12': 1, '13': 3, '14': 2}",A,article,"{'2': 3, '3': 1, '4': 3, '5': 2}"
476,274,1096,e51280fbaecebc9f8e3fb6de53314981fe8453b7f779ac8f6a4a8bf83fd3afaf,SPA 2,Yo miro Mona Lisa.,Yo miro []{a}<az:do:an>  Mona Lisa.,[]{a}<az:do:an>,az:do:an,a,,"['Yo', 'miro', 'a', 'Mona', 'Lisa', '.']","['Yo', 'miro', '[NONE]', 'Mona', 'Lisa', '.']","[2, 9]",article,"[0, 1, 3, 4, 7, 8, 10, 11]",Yo miro a Mona Lisa.,Yo miro [NONE] Mona Lisa.,article,"[0, 1, 3, 4, 7, 8, 10, 11]","{'0': 3, '1': 2, '2': 1, '3': 2, '7': 3, '8': 2, '9': 1, '10': 2}",A,article,"{'0': 3, '1': 2, '2': 1, '3': 2}"
318,86,305,7a59eb6e99fc32646ab0b2436f4aa9847f8f8a656b7d6f09c23beb7910a8157e,SPA 3,Viaja a muchos países para ayudar otros.,Viaja a muchos países para ayudar []{a}<az:do:an> otros.,[]{a}<az:do:an>,az:do:an,a,,"['Viaja', 'a', 'muchos', 'países', 'para', 'ayudar', 'a', 'otros', '.']","['Viaja', 'a', 'muchos', 'países', 'para', 'ayudar', '[NONE]', 'otros', '.']","[6, 16]",article,"[0, 1, 2, 3, 4, 5, 7, 10, 11, 12, 13, 14, 15, 17]",Viaja a muchos países para ayudar a otros.,Viaja a muchos países para ayudar [NONE] otros.,article,"[0, 1, 2, 3, 4, 5, 7, 10, 11, 12, 13, 14, 15, 17]","{'0': 3, '4': 3, '5': 2, '6': 1, '10': 3, '14': 3, '15': 2, '16': 1}",A,article,"{'0': 3, '4': 3, '5': 2, '6': 1}"
27,309,1178,f746419b70c3b8b78e5d99013182b5115c1fb67aeb4671edeb278db4903f666d,SPA 3,Nosotros visitaríamos mi novia's familia.,Nosotros visitaríamos []{a}<az:do:an> mi novia's familia.,[]{a}<az:do:an>,az:do:an,a,,"['Nosotros', 'visitaríamos', 'a', 'mi', 'novia', ""'"", 's', 'familia', '.']","['Nosotros', 'visitaríamos', '[NONE]', 'mi', 'novia', ""'"", 's', 'familia', '.']","[2, 12]",article,"[0, 1, 3, 4, 5, 6, 7, 10, 11, 13, 14, 15, 16, 17]",Nosotros visitaríamos a mi novia' s familia.,Nosotros visitaríamos [NONE] mi novia' s familia.,article,"[0, 1, 3, 4, 5, 6, 7, 10, 11, 13, 14, 15, 16, 17]","{'1': 3, '2': 1, '3': 2, '11': 3, '12': 1, '13': 2}",A,article,"{'1': 3, '2': 1, '3': 2}"
483,282,1103,155bcd74624423f890cc465b58eb8d442e792188f934f24edd8b4d0c38850230,SPA 2,Quiero ver los canguros y los koalas.,Quiero ver []{a}<az:do:an> los canguros y los koalas.,[]{a}<az:do:an>,az:do:an,a,,"['Quiero', 'ver', 'a', 'los', 'canguros', 'y', 'los', 'koalas', '.']","['Quiero', 'ver', '[NONE]', 'los', 'canguros', 'y', 'los', 'koalas', '.']","[2, 12]",article,"[0, 1, 3, 4, 5, 6, 7, 10, 11, 13, 14, 15, 16, 17]",Quiero ver a los canguros y los koalas.,Quiero ver [NONE] los canguros y los koalas.,article,"[0, 1, 3, 4, 5, 6, 7, 10, 11, 13, 14, 15, 16, 17]","{'1': 3, '2': 1, '3': 2, '6': 3, '11': 3, '12': 1, '13': 2, '16': 3}",A,article,"{'1': 3, '2': 1, '3': 2, '6': 3}"
302,67,253,937b57e9b5bd3e6d2df99c17d5f584916fd438fd0130391464134e823ae6812f,SPA 2,Daniel también actúa a las obras de teatro.,Daniel también actúa [a]{}<za:do:an> las obras de teatro.,[a]{}<za:do:an>,za:do:an,,a,"['Daniel', 'también', 'actúa', '[NONE]', 'las', 'obras', 'de', 'teatro', '.']","['Daniel', 'también', 'actúa', 'a', 'las', 'obras', 'de', 'teatro', '.']","[3, 13]",article,"[2, 4, 12, 14]",Daniel también actúa [NONE] las obras de teatro.,Daniel también actúa a las obras de teatro.,article,"[2, 4, 12, 14]","{'2': 3, '3': 1, '4': 3, '5': 2, '7': 3, '12': 3, '13': 1, '14': 3, '15': 2, '17': 3}",A,article,"{'2': 3, '3': 1, '4': 3, '5': 2, '7': 3}"
367,144,486,02244202c8bfeb279ae52943b0bf69103ab1aa63a7188c12b0860ce42345dde9,SPA 3,Yo no miro ella en los conciertos.,Yo no miro []{a}<az:do:an>  ella en los conciertos.,[]{a}<az:do:an>,az:do:an,a,,"['Yo', 'no', 'miro', 'a', 'ella', 'en', 'los', 'conciertos', '.']","['Yo', 'no', 'miro', '[NONE]', 'ella', 'en', 'los', 'conciertos', '.']","[3, 13]",article,"[0, 2, 4, 5, 6, 7, 10, 12, 14, 15, 16, 17]",Yo no miro a ella en los conciertos.,Yo no miro [NONE] ella en los conciertos.,article,"[0, 2, 4, 5, 6, 7, 10, 12, 14, 15, 16, 17]","{'0': 3, '1': 3, '2': 2, '3': 1, '6': 3, '10': 3, '11': 3, '12': 2, '13': 1, '16': 3}",A,article,"{'0': 3, '1': 3, '2': 2, '3': 1, '6': 3}"
394,179,704,d4eddf39a8cd69ecd0b36253c3cfb62c1d6dca40f11b74c5bf86c9932418872d,SPA 2,Yo quiero conocer Kobe Bryant.,Yo quiero conocer []{a}<az:do:an> Kobe Bryant.,[]{a}<az:do:an>,az:do:an,a,,"['Yo', 'quiero', 'conocer', 'a', 'Kobe', 'Bryant', '.']","['Yo', 'quiero', 'conocer', '[NONE]', 'Kobe', 'Bryant', '.']","[3, 11]",article,"[1, 2, 4, 5, 9, 10, 12, 13]",Yo quiero conocer a Kobe Bryant.,Yo quiero conocer [NONE] Kobe Bryant.,article,"[1, 2, 4, 5, 9, 10, 12, 13]","{'1': 3, '2': 2, '3': 1, '4': 2, '9': 3, '10': 2, '11': 1, '12': 2}",A,article,"{'1': 3, '2': 2, '3': 1, '4': 2}"
438,229,940,70bcc40ea4add4a8c76b17745eaf56188f6153c0fb931328d37f18c5f3bf97e8,SPA 2,Después yo veo Los Chargers.,Después yo veo []{a}<az:do:an> Los Chargers.,[]{a}<az:do:an>,az:do:an,a,,"['Después', 'yo', 'veo', 'a', 'Los', 'Chargers', '.']","['Después', 'yo', 'veo', '[NONE]', 'Los', 'Chargers', '.']","[3, 11]",article,"[0, 2, 4, 5, 8, 10, 12, 13]",Después yo veo a Los Chargers.,Después yo veo [NONE] Los Chargers.,article,"[0, 2, 4, 5, 8, 10, 12, 13]","{'2': 3, '3': 1, '4': 2, '10': 3, '11': 1, '12': 2}",A,article,"{'2': 3, '3': 1, '4': 2}"
288,50,194,15fbad19d6638c3d0c71cba217c2484df24b065e20a2bdfc0c21e22da7b2569c,SPA 3,Él ayuda a los pobres y enfermos.,Él ayuda   los pobres y  []{a}<az:do:an> enfermos.,[]{a}<az:do:an>,az:do:an,a,,"['Él', 'ayuda', 'los', 'pobres', 'y', 'a', 'enfermos', '.']","['Él', 'ayuda', 'los', 'pobres', 'y', '[NONE]', 'enfermos', '.']","[5, 14]",article,"[0, 1, 2, 3, 4, 6, 9, 10, 11, 12, 13, 15]",Él ayuda los pobres y a enfermos.,Él ayuda los pobres y [NONE] enfermos.,article,"[0, 1, 2, 3, 4, 6, 9, 10, 11, 12, 13, 15]","{'4': 3, '5': 1, '6': 2, '13': 3, '14': 1, '15': 2}",A,article,"{'4': 3, '5': 1, '6': 2}"
475,273,1091,7f817c6c372c424535108d9806d2f941eb1e8b75f21e6826b9e51d2c8fddcefe,SPA 3,Yo iría a ver todos los animales.,Yo iría a ver []{a}<az:do:an> todos los animales.,[]{a}<az:do:an>,az:do:an,a,,"['Yo', 'iría', 'a', 'ver', 'a', 'todos', 'los', 'animales', '.']","['Yo', 'iría', 'a', 'ver', '[NONE]', 'todos', 'los', 'animales', '.']","[4, 14]",article,"[0, 1, 2, 3, 5, 6, 7, 8, 10, 11, 12, 13, 15, 16, 17, 18]",Yo iría a ver a todos los animales.,Yo iría a ver [NONE] todos los animales.,article,"[0, 1, 2, 3, 5, 6, 7, 8, 10, 11, 12, 13, 15, 16, 17, 18]","{'4': 1, '5': 2, '6': 3, '14': 1, '15': 2, '16': 3}",A,article,"{'4': 1, '5': 2, '6': 3}"
3159,1012,81,f3827ac959d5924bb21a4f6e20ec81fa644e789b35109958380545107907c274,SPA 1,El pelicula es muy comico.,[El]{la}<ga:fm:det:inan> pelicula es muy [comico]{cómica}<ga:fm:adj:inan>.,[El]{la}<ga:fm:det:inan>,ga:fm:det:inan,la,El,"['la', 'pelicula', 'es', 'muy', 'cómica', '.']","['El', 'pelicula', 'es', 'muy', 'cómica', '.']","[0, 7]",gender agreement,"[1, 8]",la pelicula es muy cómica.,El pelicula es muy cómica.,gender agreement,"[1, 8]","{'0': 1, '1': 2, '4': 3, '7': 1, '8': 2, '11': 3}",A,gender agreement,"{'0': 1, '1': 2, '4': 3}"
3280,92,183,824f1cb01da8ff24b2417682617f2bf2006a39c4d92a8d68934f8cffd273b23b,SPA 3,"Oprah es un actor, entrevistador y productor.","Oprah es un [actor]{actriz}<ga:fm:noun:an>, [entrevistador]{entrevistadora}<ga:fm:noun:an> y [productor]{productora}<ga:fm:noun:an>.",[actor]{actriz}<ga:fm:noun:an>,ga:fm:noun:an,actriz,actor,"['Oprah', 'es', 'un', 'actriz', ',', 'entrevistadora', 'y', 'productora', '.']","['Oprah', 'es', 'un', 'actor', ',', 'entrevistadora', 'y', 'productora', '.']","[3, 13]",gender agreement,"[0, 2, 10, 12]","Oprah es un actriz, entrevistadora y productora.","Oprah es un actor, entrevistadora y productora.",gender agreement,"[0, 2, 10, 12]","{'0': 2, '1': 2, '2': 2, '3': 1, '5': 2, '7': 3, '10': 2, '11': 2, '12': 2, '13': 1, '15': 2, '17': 3}",A,gender agreement,"{'0': 2, '1': 2, '2': 2, '3': 1, '5': 2, '7': 3}"
3889,745,747,e1d101505f63e0516f9d406b4e17d00727be570ff249d8aa9ea70a11a84b3fcb,SPA 3,Ella apoya igualidad por todos los personas.,Ella apoya igualidad por [todos]{todas}<ga:fm:det:an> [los]{las}<ga:fm:det:an> personas.,[todos]{todas}<ga:fm:det:an>,ga:fm:det:an,todas,todos,"['Ella', 'apoya', 'igualidad', 'por', 'todas', 'las', 'personas', '.']","['Ella', 'apoya', 'igualidad', 'por', 'todos', 'las', 'personas', '.']","[4, 13]",gender agreement,"[5, 6, 14, 15]",Ella apoya igualidad por todas las personas.,Ella apoya igualidad por todos las personas.,gender agreement,"[5, 6, 14, 15]","{'4': 1, '5': 2, '6': 3, '13': 1, '14': 2, '15': 3}",A,gender agreement,"{'4': 1, '5': 2, '6': 3}"
2074,915,1117,88a7bb07d32a19d4694311bf38d0caef1b7b26b21ef3014ee5e826a47106a07e,SPA 2,Estoy estudiando los ciudades que vamos a visitar.,Estoy estudiando [los]{las}<ga:fm:det:inan> ciudades que vamos a visitar.,[los]{las}<ga:fm:det:inan>,ga:fm:det:inan,las,los,"['Estoy', 'estudiando', 'las', 'ciudades', 'que', 'vamos', 'a', 'visitar', '.']","['Estoy', 'estudiando', 'los', 'ciudades', 'que', 'vamos', 'a', 'visitar', '.']","[2, 12]",gender agreement,"[3, 13]",Estoy estudiando las ciudades que vamos a visitar.,Estoy estudiando los ciudades que vamos a visitar.,gender agreement,"[3, 13]","{'1': 3, '2': 1, '3': 2, '7': 3, '11': 3, '12': 1, '13': 2, '17': 3}",A,gender agreement,"{'1': 3, '2': 1, '3': 2, '7': 3}"
1351,160,496,34cf79681dc07b92797bd8a07f9be72e11da49ab51988875bd10c383107b7005,SPA 3,Los dos casaron en la ano de 2017.,Los dos casaron en [la]{el}<ga:mf:det:inan> ano de 2017.,[la]{el}<ga:mf:det:inan>,ga:mf:det:inan,el,la,"['Los', 'dos', 'casaron', 'en', 'el', 'ano', 'de', '2017', '.']","['Los', 'dos', 'casaron', 'en', 'la', 'ano', 'de', '2017', '.']","[4, 14]",gender agreement,"[5, 15]",Los dos casaron en el ano de 2017.,Los dos casaron en la ano de 2017.,gender agreement,"[5, 15]","{'2': 3, '3': 3, '4': 1, '5': 2, '7': 3, '12': 3, '13': 3, '14': 1, '15': 2, '17': 3}",A,gender agreement,"{'2': 3, '3': 3, '4': 1, '5': 2, '7': 3}"
3610,445,427,6aabefe903ecf5497452deabdc2656758da6dc263aa68ae61e1f90b324e4effd,SPA 2,Está en una larga estadio en San Francisco.,Está en [una]{un}<ga:mf:det:inan> [larga]{largo}<ga:mf:adj:inan> estadio en San Francisco.,[larga]{largo}<ga:mf:adj:inan>,ga:mf:adj:inan,largo,larga,"['Está', 'en', 'un', 'largo', 'estadio', 'en', 'San', 'Francisco', '.']","['Está', 'en', 'un', 'larga', 'estadio', 'en', 'San', 'Francisco', '.']","[3, 13]",gender agreement,"[2, 4, 12, 14]",Está en un largo estadio en San Francisco.,Está en un larga estadio en San Francisco.,gender agreement,"[2, 4, 12, 14]","{'0': 3, '1': 3, '2': 3, '3': 1, '4': 2, '6': 3, '10': 3, '11': 3, '12': 3, '13': 1, '14': 2, '16': 3}",A,gender agreement,"{'0': 3, '1': 3, '2': 3, '3': 1, '4': 2, '6': 3}"
1896,730,988,033a9a788e2b252c4a0bc7da0d8109e86a3d468a2bcc54885ec0e60af897ee7a,SPA 1,Escuché que es muy hermoso.,Escuché que es muy [hermoso]{hermosa}<ga:fm:adj:inan>.,[hermoso]{hermosa}<ga:fm:adj:inan>,ga:fm:adj:inan,hermosa,hermoso,"['Escuché', 'que', 'es', 'muy', 'hermosa', '.']","['Escuché', 'que', 'es', 'muy', 'hermoso', '.']","[4, 11]",gender agreement,"[2, 3, 5, 9, 10, 12]",Escuché que es muy hermosa.,Escuché que es muy hermoso.,gender agreement,"[2, 3, 5, 9, 10, 12]","{'0': 2, '1': 2, '2': 2, '3': 2, '4': 1, '7': 2, '8': 2, '9': 2, '10': 2, '11': 1}",A,gender agreement,"{'0': 2, '1': 2, '2': 2, '3': 2, '4': 1}"
4023,885,888,700bcb8cf13bfeee41b2a1e46e5637cfbd5a17b7670c3dff2710d2d2bc551443,SPA 2,Uno canción famoso es Versace on the Floor.,[Uno]{una}<ga:fm:det:inan> canción [famoso]{famosa}<ga:fm:adj:inan> es Versace on the Floor.,[famoso]{famosa}<ga:fm:adj:inan>,ga:fm:adj:inan,famosa,famoso,"['una', 'canción', 'famosa', 'es', 'Versace', 'on', 'the', 'Floor', '.']","['una', 'canción', 'famoso', 'es', 'Versace', 'on', 'the', 'Floor', '.']","[2, 12]",gender agreement,"[1, 11]",una canción famosa es Versace on the Floor.,una canción famoso es Versace on the Floor.,gender agreement,"[1, 11]","{'0': 3, '1': 2, '2': 1, '4': 3, '10': 3, '11': 2, '12': 1, '14': 3}",A,gender agreement,"{'0': 3, '1': 2, '2': 1, '4': 3}"
997,836,276,fbd62264d5e537d1492b3dc5f213b765339870dff0bec337246b8facf9eac7f2,SPA 3,Creo Presidente Obama no gusta un pared.,Creo Presidente Obama no gusta [un]{una}<ga:fm:det:inan> pared.,[un]{una}<ga:fm:det:inan>,ga:fm:det:inan,una,un,"['Creo', 'Presidente', 'Obama', 'no', 'gusta', 'una', 'pared', '.']","['Creo', 'Presidente', 'Obama', 'no', 'gusta', 'un', 'pared', '.']","[5, 14]",gender agreement,"[0, 1, 2, 3, 4, 6, 9, 10, 11, 12, 13, 15]",Creo Presidente Obama no gusta una pared.,Creo Presidente Obama no gusta un pared.,gender agreement,"[0, 1, 2, 3, 4, 6, 9, 10, 11, 12, 13, 15]","{'4': 3, '5': 1, '6': 2, '13': 3, '14': 1, '15': 2}",A,gender agreement,"{'4': 3, '5': 1, '6': 2}"
922,753,245,4bc1e8abe82642562b530d2c5c0abb2366e80f38a45dff06cb092fd93f5844cf,SPA 2,Tiene muchas tatuajes en su cuerpo.,Tiene [muchas]{muchos}<ga:mf:det:inan> tatuajes en su cuerpo.,[muchas]{muchos}<ga:mf:det:inan>,ga:mf:det:inan,muchos,muchas,"['Tiene', 'muchos', 'tatuajes', 'en', 'su', 'cuerpo', '.']","['Tiene', 'muchas', 'tatuajes', 'en', 'su', 'cuerpo', '.']","[1, 9]",gender agreement,"[2, 10]",Tiene muchos tatuajes en su cuerpo.,Tiene muchas tatuajes en su cuerpo.,gender agreement,"[2, 10]","{'0': 3, '1': 1, '2': 2, '8': 3, '9': 1, '10': 2}",A,gender agreement,"{'0': 3, '1': 1, '2': 2}"
3775,622,633,5665a3659d8dcbc155ee036660f772ea94c953e2c40b291f1615f121cf6ed384,SPA 1,"Su personalidad es cómico, simpático y aimable.","Su personalidad es [cómico]{cómica}<ga:fm:adj:inan>, [simpático]{simpática}<ga:fm:adj:inan> y aimable.",[cómico]{cómica}<ga:fm:adj:inan>,ga:fm:adj:inan,cómica,cómico,"['Su', 'personalidad', 'es', 'cómica', ',', 'simpática', 'y', 'aimable', '.']","['Su', 'personalidad', 'es', 'cómico', ',', 'simpática', 'y', 'aimable', '.']","[3, 13]",gender agreement,"[1, 11]","Su personalidad es cómica, simpática y aimable.","Su personalidad es cómico, simpática y aimable.",gender agreement,"[1, 11]","{'0': 3, '1': 2, '2': 2, '3': 1, '5': 2, '6': 3, '7': 2, '10': 3, '11': 2, '12': 2, '13': 1, '15': 2, '16': 3, '17': 2}",A,gender agreement,"{'0': 3, '1': 2, '2': 2, '3': 1, '5': 2, '6': 3, '7': 2}"
3175,1029,85,2fd3744a9b6ebe37adb4ab3a66e033cc899d03b34278e0f46094f49d253c40d6,SPA 1,El historia de aquí jugador es muchos motivador.,[El]{la}<ga:fm:det:inan> historia de aquí jugador es muchos [motivador]{motivadora}<ga:fm:adj:inan>.,[El]{la}<ga:fm:det:inan>,ga:fm:det:inan,la,El,"['la', 'historia', 'de', 'aquí', 'jugador', 'es', 'muchos', 'motivadora', '.']","['El', 'historia', 'de', 'aquí', 'jugador', 'es', 'muchos', 'motivadora', '.']","[0, 10]",gender agreement,"[1, 11]",la historia de aquí jugador es muchos motivadora.,El historia de aquí jugador es muchos motivadora.,gender agreement,"[1, 11]","{'0': 1, '1': 2, '4': 3, '7': 3, '10': 1, '11': 2, '14': 3, '17': 3}",A,gender agreement,"{'0': 1, '1': 2, '4': 3, '7': 3}"
706,523,96,2eba9ca1460a6698dfc82f5202aeae96b56f997ffd5b3d067bdf3497ad23b213,SPA 1,Dwayne tiene un hermano y un hermana.,Dwayne tiene un hermano y [un]{una}<ga:fm:det:an> hermana.,[un]{una}<ga:fm:det:an>,ga:fm:det:an,una,un,"['Dwayne', 'tiene', 'un', 'hermano', 'y', 'una', 'hermana', '.']","['Dwayne', 'tiene', 'un', 'hermano', 'y', 'un', 'hermana', '.']","[5, 14]",gender agreement,"[7, 16]",Dwayne tiene un hermano y una hermana.,Dwayne tiene un hermano y un hermana.,gender agreement,"[7, 16]","{'3': 3, '4': 3, '5': 1, '6': 2, '12': 3, '13': 3, '14': 1, '15': 2}",A,gender agreement,"{'3': 3, '4': 3, '5': 1, '6': 2}"
1469,284,622,a3e9181fc55162715bdec7800765284ab20beace9b46bf7a4cdb1b598b78a14a,SPA 3,Ella esta junto con Offset.,Ella esta [junto]{junta}<ga:fm:adj:an> con Offset.,[junto]{junta}<ga:fm:adj:an>,ga:fm:adj:an,junta,junto,"['Ella', 'esta', 'junta', 'con', 'Offset', '.']","['Ella', 'esta', 'junto', 'con', 'Offset', '.']","[2, 9]",gender agreement,"[0, 1, 3, 4, 7, 8, 10, 11]",Ella esta junta con Offset.,Ella esta junto con Offset.,gender agreement,"[0, 1, 3, 4, 7, 8, 10, 11]","{'0': 3, '1': 2, '2': 1, '3': 2, '4': 3, '7': 3, '8': 2, '9': 1, '10': 2, '11': 3}",A,gender agreement,"{'0': 3, '1': 2, '2': 1, '3': 2, '4': 3}"
2524,341,1384,9cdfb1c50d045ec75ce86467865b80ae9c1573e76967cef56a2953dc37f73480,SPA 3,La playa es perfecto para relijar.,La playa es [perfecto]{perfecta}<ga:fm:adj:inan> para relijar.,[perfecto]{perfecta}<ga:fm:adj:inan>,ga:fm:adj:inan,perfecta,perfecto,"['La', 'playa', 'es', 'perfecta', 'para', 'relijar', '.']","['La', 'playa', 'es', 'perfecto', 'para', 'relijar', '.']","[3, 11]",gender agreement,"[0, 1, 2, 8, 9, 10]",La playa es perfecta para relijar.,La playa es perfecto para relijar.,gender agreement,"[0, 1, 2, 8, 9, 10]","{'0': 3, '1': 2, '2': 2, '3': 1, '4': 3, '5': 2, '8': 3, '9': 2, '10': 2, '11': 1, '12': 3, '13': 2}",A,gender agreement,"{'0': 3, '1': 2, '2': 2, '3': 1, '4': 3, '5': 2}"
2670,493,1533,852dbebaabdda7259fcf368c3994e2d5997a51d4e4a4c8284d8726422dc99a0a,SPA 3,Yo iria Hawaii porque la clima caliente.,Yo iria Hawaii porque [la]{el}<ga:mf:det:aty:inan> clima caliente.,[la]{el}<ga:mf:det:aty:inan>,ga:mf:det:aty:inan,el,la,"['Yo', 'iria', 'Hawaii', 'porque', 'el', 'clima', 'caliente', '.']","['Yo', 'iria', 'Hawaii', 'porque', 'la', 'clima', 'caliente', '.']","[4, 13]",gender agreement,"[5, 14]",Yo iria Hawaii porque el clima caliente.,Yo iria Hawaii porque la clima caliente.,gender agreement,"[5, 14]","{'0': 3, '3': 3, '4': 1, '5': 2, '6': 3, '9': 3, '12': 3, '13': 1, '14': 2, '15': 3}",A,gender agreement,"{'0': 3, '3': 3, '4': 1, '5': 2, '6': 3}"
1465,280,622,7327287ea0247935a42690df2284af2dfc612598d0d4572f01238a699fbaa38b,SPA 3,Pero esta ano me gusta a Cardi B.,Pero [esta]{este}<ga:mf:det:inan> ano me gusta a Cardi B.,[esta]{este}<ga:mf:det:inan>,ga:mf:det:inan,este,esta,"['Pero', 'este', 'ano', 'me', 'gusta', 'a', 'Cardi', 'B', '.']","['Pero', 'esta', 'ano', 'me', 'gusta', 'a', 'Cardi', 'B', '.']","[1, 11]",gender agreement,"[2, 12]",Pero este ano me gusta a Cardi B.,Pero esta ano me gusta a Cardi B.,gender agreement,"[2, 12]","{'1': 1, '2': 2, '4': 3, '11': 1, '12': 2, '14': 3}",A,gender agreement,"{'1': 1, '2': 2, '4': 3}"
4747,605,1466,85cce1e03dcd5cfa803a2441cee3aabecf56c6ba3023a0c0e3f7c2e9975b2443,SPA 2,A vacación perfecto es cuando todo es gratis.,A [vacación]{vacaciones}<in:s:noun:inan> [perfecto]{perfecta}<ga:fm:adj:inan> es cuando todo es gratis.,[perfecto]{perfecta}<ga:fm:adj:inan>,ga:fm:adj:inan,perfecta,perfecto,"['A', 'vacaciones', 'perfecta', 'es', 'cuando', 'todo', 'es', 'gratis', '.']","['A', 'vacaciones', 'perfecto', 'es', 'cuando', 'todo', 'es', 'gratis', '.']","[2, 12]",gender agreement,"[1, 11]",A vacaciones perfecta es cuando todo es gratis.,A vacaciones perfecto es cuando todo es gratis.,gender agreement,"[1, 11]","{'0': 3, '1': 2, '2': 1, '3': 3, '10': 3, '11': 2, '12': 1, '13': 3}",A,gender agreement,"{'0': 3, '1': 2, '2': 1, '3': 3}"
873,702,218,abb1dfd9c051ec3b53bcaf93dbf162003d33b11947b731f7ccc145ce1bff46b5,SPA 2,Su papa esta un maestra de actuar.,Su papa esta un [maestra]{maestro}<ga:mf:noun:an> de actuar.,[maestra]{maestro}<ga:mf:noun:an>,ga:mf:noun:an,maestro,maestra,"['Su', 'papa', 'esta', 'un', 'maestro', 'de', 'actuar', '.']","['Su', 'papa', 'esta', 'un', 'maestra', 'de', 'actuar', '.']","[4, 13]",gender agreement,"[3, 12]",Su papa esta un maestro de actuar.,Su papa esta un maestra de actuar.,gender agreement,"[3, 12]","{'0': 3, '1': 2, '2': 2, '3': 2, '4': 1, '5': 3, '6': 2, '9': 3, '10': 2, '11': 2, '12': 2, '13': 1, '14': 3, '15': 2}",A,gender agreement,"{'0': 3, '1': 2, '2': 2, '3': 2, '4': 1, '5': 3, '6': 2}"
5104,977,851,ae6169626087f8be88b0e5f1ea62d4aa7f09bb192c91764bbdc388dd3be1942f,SPA 2,"Tambien, Rihanna tiene bonita unas coches.","Tambien, Rihanna tiene [bonita]{bonitos}<ga:na:mf:ps:adj:inan> [unas]{unos}<ga:mf:det:inan> coches.",[unas]{unos}<ga:mf:det:inan>,ga:mf:det:inan,unos,unas,"['Tambien', ',', 'Rihanna', 'tiene', 'bonitos', 'unos', 'coches', '.']","['Tambien', ',', 'Rihanna', 'tiene', 'bonitos', 'unas', 'coches', '.']","[5, 14]",gender agreement,"[2, 6, 11, 15]","Tambien, Rihanna tiene bonitos unos coches.","Tambien, Rihanna tiene bonitos unas coches.",gender agreement,"[2, 6, 11, 15]","{'3': 3, '5': 1, '6': 2, '12': 3, '14': 1, '15': 2}",A,gender agreement,"{'3': 3, '5': 1, '6': 2}"
895,725,232,ffe03eb22ded8fe22e7ce21c39cb059eb51d8fe81c9dc3dcb9b538abee6c8ba4,SPA 2,Ella tiene pelo rubia y ojos azules.,Ella tiene pelo [rubia]{rubio}<ga:mf:adj:inan> y ojos azules.,[rubia]{rubio}<ga:mf:adj:inan>,ga:mf:adj:inan,rubio,rubia,"['Ella', 'tiene', 'pelo', 'rubio', 'y', 'ojos', 'azules', '.']","['Ella', 'tiene', 'pelo', 'rubia', 'y', 'ojos', 'azules', '.']","[3, 12]",gender agreement,"[1, 2, 10, 11]",Ella tiene pelo rubio y ojos azules.,Ella tiene pelo rubia y ojos azules.,gender agreement,"[1, 2, 10, 11]","{'1': 3, '2': 2, '3': 1, '5': 3, '10': 3, '11': 2, '12': 1, '14': 3}",A,gender agreement,"{'1': 3, '2': 2, '3': 1, '5': 3}"
2527,344,1384,aa6d3a7c934e6b0f208ce346f6c5ab41129210aa2147f28b00b577dde7eafb0c,SPA 3,Hay una hammock y muchos camas.,Hay una hammock y [muchos]{muchas}<ga:fm:det:inan> camas.,[muchos]{muchas}<ga:fm:det:inan>,ga:fm:det:inan,muchas,muchos,"['Hay', 'una', 'hammock', 'y', 'muchas', 'camas', '.']","['Hay', 'una', 'hammock', 'y', 'muchos', 'camas', '.']","[4, 12]",gender agreement,"[5, 6, 13, 14]",Hay una hammock y muchas camas.,Hay una hammock y muchos camas.,gender agreement,"[5, 6, 13, 14]","{'2': 3, '3': 3, '4': 1, '5': 2, '10': 3, '11': 3, '12': 1, '13': 2}",A,gender agreement,"{'2': 3, '3': 3, '4': 1, '5': 2}"
1838,669,941,88e4f90f0e92c8e384e78d28e433a80ec0292aa04f228ceb39c69db8c4862a98,SPA 1,Yo quiero ver las edificios arquitectónicos.,Yo quiero ver [las]{los}<ga:mf:det:inan> edificios arquitectónicos.,[las]{los}<ga:mf:det:inan>,ga:mf:det:inan,los,las,"['Yo', 'quiero', 'ver', 'los', 'edificios', 'arquitectónicos', '.']","['Yo', 'quiero', 'ver', 'las', 'edificios', 'arquitectónicos', '.']","[3, 11]",gender agreement,"[2, 4, 10, 12]",Yo quiero ver los edificios arquitectónicos.,Yo quiero ver las edificios arquitectónicos.,gender agreement,"[2, 4, 10, 12]","{'2': 3, '3': 1, '4': 2, '5': 3, '10': 3, '11': 1, '12': 2, '13': 3}",A,gender agreement,"{'2': 3, '3': 1, '4': 2, '5': 3}"
2541,358,1396,a5bf79f3a22c882f9d22d293a3a3d11f21904ab4c255542bfe67e7679c2bcdcf,SPA 2,El agua es muy fresco y sabe delicioso.,El agua es muy [fresco]{fresca}<ga:fm:adj:inan> y sabe delicioso.,[fresco]{fresca}<ga:fm:adj:inan>,ga:fm:adj:inan,fresca,fresco,"['El', 'agua', 'es', 'muy', 'fresca', 'y', 'sabe', 'delicioso', '.']","['El', 'agua', 'es', 'muy', 'fresco', 'y', 'sabe', 'delicioso', '.']","[4, 14]",gender agreement,"[1, 2, 3, 11, 12, 13]",El agua es muy fresca y sabe delicioso.,El agua es muy fresco y sabe delicioso.,gender agreement,"[1, 2, 3, 11, 12, 13]","{'0': 3, '1': 2, '2': 2, '3': 2, '4': 1, '5': 3, '6': 2, '7': 3, '10': 3, '11': 2, '12': 2, '13': 2, '14': 1, '15': 3, '16': 2, '17': 3}",A,gender agreement,"{'0': 3, '1': 2, '2': 2, '3': 2, '4': 1, '5': 3, '6': 2, '7': 3}"
4087,950,918,1ca520db783cf46bc4f56794d499d103a3f04142903e9fe1f22d5efea395af98,SPA 1,Entonces quiero hornearlos y comerlos con mantequilla.,Entonces quiero [hornearlos]{hornearlas}<ga:fm:pron:inan> y [comerlos]{comerlas}<ga:fm:pron:inan> con mantequilla.,[hornearlos]{hornearlas}<ga:fm:pron:inan>,ga:fm:pron:inan,hornearlas,hornearlos,"['Entonces', 'quiero', 'hornearlas', 'y', 'comerlas', 'con', 'mantequilla', '.']","['Entonces', 'quiero', 'hornearlos', 'y', 'comerlas', 'con', 'mantequilla', '.']","[2, 11]",gender agreement,"[4, 13]",Entonces quiero hornearlas y comerlas con mantequilla.,Entonces quiero hornearlos y comerlas con mantequilla.,gender agreement,"[4, 13]","{'0': 3, '1': 2, '2': 1, '3': 3, '4': 2, '6': 3, '9': 3, '10': 2, '11': 1, '12': 3, '13': 2, '15': 3}",A,gender agreement,"{'0': 3, '1': 2, '2': 1, '3': 3, '4': 2, '6': 3}"
1422,234,589,2a8e66188f4c1061727593115dffcbe45a9a48ad41ad484d8c026792cac33c62,SPA 2,El puede jugar diferente roles.,El puede jugar [diferente]{diferentes}<na:ps:det:inan> roles.,[diferente]{diferentes}<na:ps:det:inan>,na:ps:det:inan,diferentes,diferente,"['El', 'puede', 'jugar', 'diferentes', 'roles', '.']","['El', 'puede', 'jugar', 'diferente', 'roles', '.']","[3, 10]",number agreement,"[2, 4, 9, 11]",El puede jugar diferentes roles.,El puede jugar diferente roles.,number agreement,"[2, 4, 9, 11]","{'2': 3, '3': 1, '4': 2, '9': 3, '10': 1, '11': 2}",A,number agreement,"{'2': 3, '3': 1, '4': 2}"
5111,984,879,a7f1b775bcafb78be2759b74112a01ec4815d7874892495e82feddea2a0f014a,SPA 1,Los canciones son triste pero sonar feliz.,[Los]{las}<ga:fm:det:inan> canciones son [triste]{tristes}<na:ps:adj:inan> pero sonar [feliz]{felices}<na:ps:adj:inan>.,[triste]{tristes}<na:ps:adj:inan>,na:ps:adj:inan,tristes,triste,"['las', 'canciones', 'son', 'tristes', 'pero', 'sonar', 'felices', '.']","['las', 'canciones', 'son', 'triste', 'pero', 'sonar', 'felices', '.']","[3, 12]",number agreement,"[1, 2, 10, 11]",las canciones son tristes pero sonar felices.,las canciones son triste pero sonar felices.,number agreement,"[1, 2, 10, 11]","{'0': 3, '1': 2, '2': 2, '3': 1, '4': 3, '5': 2, '6': 3, '9': 3, '10': 2, '11': 2, '12': 1, '13': 3, '14': 2, '15': 3}",A,number agreement,"{'0': 3, '1': 2, '2': 2, '3': 1, '4': 3, '5': 2, '6': 3}"
3475,296,320,2fdcd97dcfb022bad9b7e0908eb39cbbeaf5d1c761be79277897f8d61f0ea3fc,SPA 1,sus pantalones son corto y rojo.,sus pantalones son [corto]{cortos}<na:ps:adj:inan> y [rojo]{rojos}<na:ps:adj:inan>.,[corto]{cortos}<na:ps:adj:inan>,na:ps:adj:inan,cortos,corto,"['sus', 'pantalones', 'son', 'cortos', 'y', 'rojos', '.']","['sus', 'pantalones', 'son', 'corto', 'y', 'rojos', '.']","[3, 11]",number agreement,"[1, 9]",sus pantalones son cortos y rojos.,sus pantalones son corto y rojos.,number agreement,"[1, 9]","{'0': 3, '1': 2, '2': 2, '3': 1, '4': 3, '5': 2, '8': 3, '9': 2, '10': 2, '11': 1, '12': 3, '13': 2}",A,number agreement,"{'0': 3, '1': 2, '2': 2, '3': 1, '4': 3, '5': 2}"
3237,47,122,3a3993e8da2ccbf08c47b5462f30fadf28defd4069fc3e64e281f9c3e8c44648,SPA 3,Adam y Selena son flacco and muy bonita.,Adam y Selena son [flacco]{flacos}<na:ps:adj:an> and muy [bonita]{bonitos}<ga:na:mf:ps:adj:an>.,[flacco]{flacos}<na:ps:adj:an>,na:ps:adj:an,flacos,flacco,"['Adam', 'y', 'Selena', 'son', 'flacos', 'and', 'muy', 'bonitos', '.']","['Adam', 'y', 'Selena', 'son', 'flacco', 'and', 'muy', 'bonitos', '.']","[4, 14]",number agreement,"[2, 12]",Adam y Selena son flacos and muy bonitos.,Adam y Selena son flacco and muy bonitos.,number agreement,"[2, 12]","{'0': 2, '2': 3, '3': 2, '4': 1, '5': 2, '7': 3, '10': 2, '12': 3, '13': 2, '14': 1, '15': 2, '17': 3}",A,number agreement,"{'0': 2, '2': 3, '3': 2, '4': 1, '5': 2, '7': 3}"
3400,219,284,7c975ea8d5eb83e50703018d72ed02b61c7819050f36cb328eebe95b11437d59,SPA 3,Ella canta muchos canciones muy popular.,Ella canta [muchos]{muchas}<ga:fm:det:inan> canciones muy [popular]{populares}<na:ps:adj:inan>.,[popular]{populares}<na:ps:adj:inan>,na:ps:adj:inan,populares,popular,"['Ella', 'canta', 'muchas', 'canciones', 'muy', 'populares', '.']","['Ella', 'canta', 'muchas', 'canciones', 'muy', 'popular', '.']","[5, 13]",number agreement,"[1, 3, 6, 9, 11, 14]",Ella canta muchas canciones muy populares.,Ella canta muchas canciones muy popular.,number agreement,"[1, 3, 6, 9, 11, 14]","{'1': 3, '2': 3, '3': 2, '4': 2, '5': 1, '9': 3, '10': 3, '11': 2, '12': 2, '13': 1}",A,number agreement,"{'1': 3, '2': 3, '3': 2, '4': 2, '5': 1}"
4540,389,1240,0ddfe85b66959b552d9c0f8894b71aa40cc6931e9e27aebfcd2eb915047f1cb2,SPA 2,I quiero relajarme y tiene una divertidos mes.,I quiero relajarme y tiene [una]{un}<ga:mf:det:inan> [divertidos]{divertido}<na:sp:adj:inan> mes.,[divertidos]{divertido}<na:sp:adj:inan>,na:sp:adj:inan,divertido,divertidos,"['I', 'quiero', 'relajarme', 'y', 'tiene', 'un', 'divertido', 'mes', '.']","['I', 'quiero', 'relajarme', 'y', 'tiene', 'un', 'divertidos', 'mes', '.']","[6, 16]",number agreement,"[1, 5, 7, 11, 15, 17]",I quiero relajarme y tiene un divertido mes.,I quiero relajarme y tiene un divertidos mes.,number agreement,"[1, 5, 7, 11, 15, 17]","{'4': 3, '5': 3, '6': 1, '7': 2, '14': 3, '15': 3, '16': 1, '17': 2}",A,number agreement,"{'4': 3, '5': 3, '6': 1, '7': 2}"
3234,44,122,c388ebd06ccf313caba757d4514560c146d980d3e62ad4876f2b21ecd4f032ef,SPA 3,Los esta mi favorita peliculas.,Los esta [mi]{mis}<na:ps:det:inan> [favorita]{favoritas}<na:ps:adj:inan> peliculas.,[favorita]{favoritas}<na:ps:adj:inan>,na:ps:adj:inan,favoritas,favorita,"['Los', 'esta', 'mis', 'favoritas', 'peliculas', '.']","['Los', 'esta', 'mis', 'favorita', 'peliculas', '.']","[3, 10]",number agreement,"[0, 4, 7, 11]",Los esta mis favoritas peliculas.,Los esta mis favorita peliculas.,number agreement,"[0, 4, 7, 11]","{'1': 3, '2': 2, '3': 1, '4': 2, '8': 3, '9': 2, '10': 1, '11': 2}",A,number agreement,"{'1': 3, '2': 2, '3': 1, '4': 2}"
4340,172,1124,81ec4b4fb0ba14bd5c9de2917ae37e3cc0897ad49882fa49c523346f817a36ec,SPA 2,Hay muchos aatracción turística en los países sudamericano.,Hay [muchos]{muchas}<ga:fm:det:inan> [aatracción]{atracciones}<na:ps:noun:inan> [turística]{turísticas}<na:ps:adj:inan> en los países [sudamericano]{sudamericanos}<na:ps:adj:inan> .,[sudamericano]{sudamericanos}<na:ps:adj:inan>,na:ps:adj:inan,sudamericanos,sudamericano,"['Hay', 'muchas', 'atracciones', 'turísticas', 'en', 'los', 'países', 'sudamericanos', '.']","['Hay', 'muchas', 'atracciones', 'turísticas', 'en', 'los', 'países', 'sudamericano', '.']","[7, 17]",number agreement,"[2, 6, 12, 16]",Hay muchas atracciones turísticas en los países sudamericanos.,Hay muchas atracciones turísticas en los países sudamericano.,number agreement,"[2, 6, 12, 16]","{'0': 3, '4': 3, '5': 3, '6': 2, '7': 1, '10': 3, '14': 3, '15': 3, '16': 2, '17': 1}",A,number agreement,"{'0': 3, '4': 3, '5': 3, '6': 2, '7': 1}"
3612,447,427,68f83f0b79bc81bfc21a280aa88fd9749e63beea884951ceba0a0905df0ddf99,SPA 2,Nosotros muy emocionado porque escuchamos su canciones siempres.,Nosotros muy [emocionado]{emocionados}<na:ps:adj:an> porque escuchamos [su]{sus}<na:ps:det:inan> canciones [siempres]{siempre}<in:p:adv>.,[su]{sus}<na:ps:det:inan>,na:ps:det:inan,sus,su,"['Nosotros', 'muy', 'emocionados', 'porque', 'escuchamos', 'sus', 'canciones', 'siempre', '.']","['Nosotros', 'muy', 'emocionados', 'porque', 'escuchamos', 'su', 'canciones', 'siempre', '.']","[5, 15]",number agreement,"[4, 6, 14, 16]",Nosotros muy emocionados porque escuchamos sus canciones siempre.,Nosotros muy emocionados porque escuchamos su canciones siempre.,number agreement,"[4, 6, 14, 16]","{'4': 3, '5': 1, '6': 2, '7': 3, '14': 3, '15': 1, '16': 2, '17': 3}",A,number agreement,"{'4': 3, '5': 1, '6': 2, '7': 3}"
1843,674,943,8e7b10045171bcc1c6b530af7a316cc1df4a636bbd1667f9ebbbdd026bdd53c9,SPA 1,Voy a ir al museos.,Voy a ir [al]{a los}<na:ps:det:inan> museos.,[al]{a los}<na:ps:det:inan>,na:ps:det:inan,a los,al,"['Voy', 'a', 'ir', 'a los', 'museos', '.']","['Voy', 'a', 'ir', 'al', 'museos', '.']","[3, 10]",number agreement,"[4, 11]",Voy a ir a los museos.,Voy a ir al museos.,number agreement,"[4, 11]","{'2': 3, '3': 1, '4': 2, '9': 3, '10': 1, '11': 2}",A,number agreement,"{'2': 3, '3': 1, '4': 2}"
2017,857,1091,8350117f3fe29a374a86c1b86e6a533b9a86027b1d86d96ac600081a4d843578,SPA 3,A mi me gusta la Bahamas.,A mi me gusta [la]{las}<na:ps:det:inan> Bahamas.,[la]{las}<na:ps:det:inan>,na:ps:det:inan,las,la,"['A', 'mi', 'me', 'gusta', 'las', 'Bahamas', '.']","['A', 'mi', 'me', 'gusta', 'la', 'Bahamas', '.']","[4, 12]",number agreement,"[5, 13]",A mi me gusta las Bahamas.,A mi me gusta la Bahamas.,number agreement,"[5, 13]","{'3': 3, '4': 1, '5': 2, '11': 3, '12': 1, '13': 2}",A,number agreement,"{'3': 3, '4': 1, '5': 2}"
1943,779,1026,c22f8080325a1dc03f725fcbc4ea6e557d280ad8f773b3aeb5e84dd575b84ef3,SPA 2,Mis vacaciones perfecta sería en Hawai.,Mis vacaciones [perfecta]{perfectas}<na:ps:adj:inan> sería en Hawai.,[perfecta]{perfectas}<na:ps:adj:inan>,na:ps:adj:inan,perfectas,perfecta,"['Mis', 'vacaciones', 'perfectas', 'sería', 'en', 'Hawai', '.']","['Mis', 'vacaciones', 'perfecta', 'sería', 'en', 'Hawai', '.']","[2, 10]",number agreement,"[0, 1, 8, 9]",Mis vacaciones perfectas sería en Hawai.,Mis vacaciones perfecta sería en Hawai.,number agreement,"[0, 1, 8, 9]","{'0': 3, '1': 2, '2': 1, '5': 3, '8': 3, '9': 2, '10': 1, '13': 3}",A,number agreement,"{'0': 3, '1': 2, '2': 1, '5': 3}"
1845,676,945,e5437166d117c62d7fecbddaf7c330c9a89cd1e8bf8e8d0c3958ac0835411598,SPA 3,No puedo esperar para mi vacación al Caribe.,No puedo esperar para mi [vacación]{vacaciones}<in:s:noun:inan> al Caribe.,[vacación]{vacaciones}<in:s:noun:inan>,in:s:noun:inan,vacaciones,vacación,"['No', 'puedo', 'esperar', 'para', 'mi', 'vacaciones', 'al', 'Caribe', '.']","['No', 'puedo', 'esperar', 'para', 'mi', 'vacación', 'al', 'Caribe', '.']","[5, 15]",number agreement,"[1, 4, 11, 14]",No puedo esperar para mi vacaciones al Caribe.,No puedo esperar para mi vacación al Caribe.,number agreement,"[1, 4, 11, 14]","{'0': 3, '1': 3, '2': 2, '3': 2, '4': 2, '5': 1, '6': 3, '7': 2, '10': 3, '11': 3, '12': 2, '13': 2, '14': 2, '15': 1, '16': 3, '17': 2}",A,number agreement,"{'0': 3, '1': 3, '2': 2, '3': 2, '4': 2, '5': 1, '6': 3, '7': 2}"
2323,132,1235,fa68e3536a6555b014fc1dda15c0a856d5451befc366263ee528e3c8cb1281e2,SPA 2,Mi vacación perfecta es ir a España.,Mi [vacación]{vacaciones}<in:s:noun:inan> perfecta es ir a España.,[vacación]{vacaciones}<in:s:noun:inan>,in:s:noun:inan,vacaciones,vacación,"['Mi', 'vacaciones', 'perfecta', 'es', 'ir', 'a', 'España', '.']","['Mi', 'vacación', 'perfecta', 'es', 'ir', 'a', 'España', '.']","[1, 10]",number agreement,"[0, 9]",Mi vacaciones perfecta es ir a España.,Mi vacación perfecta es ir a España.,number agreement,"[0, 9]","{'0': 2, '1': 1, '2': 2, '3': 2, '4': 3, '9': 2, '10': 1, '11': 2, '12': 2, '13': 3}",A,number agreement,"{'0': 2, '1': 1, '2': 2, '3': 2, '4': 3}"
2297,104,1217,7aba54baf3d3ea58260be727efa3be8c381d4e055e006912937a4ba38a0d3e64,SPA 1,Ropas y accesorios son barato.,Ropas y accesorios son [barato]{baratos}<na:ps:adj:inan>.,[barato]{baratos}<na:ps:adj:inan>,na:ps:adj:inan,baratos,barato,"['Ropas', 'y', 'accesorios', 'son', 'baratos', '.']","['Ropas', 'y', 'accesorios', 'son', 'barato', '.']","[4, 11]",number agreement,"[0, 2, 5, 7, 9, 12]",Ropas y accesorios son baratos.,Ropas y accesorios son barato.,number agreement,"[0, 2, 5, 7, 9, 12]","{'0': 2, '2': 3, '3': 2, '4': 1, '7': 2, '9': 3, '10': 2, '11': 1}",A,number agreement,"{'0': 2, '2': 3, '3': 2, '4': 1}"
3183,1037,89,5443b9145e4feeb35a7ead3c4572dad93fc3e7fed6aab1d85b79011ac8b3667c,SPA 2,Todos los gentes estaron riendo mucho.,[Todos]{todas}<ga:fm:det:an> [los]{las}<ga:fm:det:an> [gentes]{gente}<in:p:gat:noun:an> estaron riendo mucho.,[gentes]{gente}<in:p:gat:noun:an>,in:p:gat:noun:an,gente,gentes,"['todas', 'las', 'gente', 'estaron', 'riendo', 'mucho', '.']","['todas', 'las', 'gentes', 'estaron', 'riendo', 'mucho', '.']","[2, 10]",number agreement,"[1, 9]",todas las gente estaron riendo mucho.,todas las gentes estaron riendo mucho.,number agreement,"[1, 9]","{'0': 3, '1': 2, '2': 1, '3': 2, '4': 3, '8': 3, '9': 2, '10': 1, '11': 2, '12': 3}",A,number agreement,"{'0': 3, '1': 2, '2': 1, '3': 2, '4': 3}"
828,655,188,562a59f41ba11c3610c4c5fbec9a1b76c375de7be521cb3b0cd3d108022bc095,SPA 1,Barack Obama tiene mucho amigos.,Barack Obama tiene [mucho]{muchos}<na:ps:det:an> amigos.,[mucho]{muchos}<na:ps:det:an>,na:ps:det:an,muchos,mucho,"['Barack', 'Obama', 'tiene', 'muchos', 'amigos', '.']","['Barack', 'Obama', 'tiene', 'mucho', 'amigos', '.']","[3, 10]",number agreement,"[2, 4, 9, 11]",Barack Obama tiene muchos amigos.,Barack Obama tiene mucho amigos.,number agreement,"[2, 4, 9, 11]","{'2': 3, '3': 1, '4': 2, '9': 3, '10': 1, '11': 2}",A,number agreement,"{'2': 3, '3': 1, '4': 2}"
1733,558,856,b8bbf27faaf4c3561359145db6522b0a80c74b1a12ce8787ccc5e1465b7f4417,SPA 2,Ella tiene enfermo amigos con HIV.,Ella tiene [enfermo]{enfermos}<na:ps:adj:an> amigos con HIV.,[enfermo]{enfermos}<na:ps:adj:an>,na:ps:adj:an,enfermos,enfermo,"['Ella', 'tiene', 'enfermos', 'amigos', 'con', 'HIV', '.']","['Ella', 'tiene', 'enfermo', 'amigos', 'con', 'HIV', '.']","[2, 10]",number agreement,"[0, 1, 3, 8, 9, 11]",Ella tiene enfermos amigos con HIV.,Ella tiene enfermo amigos con HIV.,number agreement,"[0, 1, 3, 8, 9, 11]","{'0': 3, '1': 2, '2': 1, '3': 2, '5': 3, '8': 3, '9': 2, '10': 1, '11': 2, '13': 3}",A,number agreement,"{'0': 3, '1': 2, '2': 1, '3': 2, '5': 3}"
2301,109,1221,5189b6ed1dbe1b47e196a258323ee11c5fb87edf531daf72d4957fada59d352f,SPA 2,La India tiene dinero diferentes.,La India tiene dinero [diferentes]{diferente}<na:sp:adj:inan>.,[diferentes]{diferente}<na:sp:adj:inan>,na:sp:adj:inan,diferente,diferentes,"['La', 'India', 'tiene', 'dinero', 'diferente', '.']","['La', 'India', 'tiene', 'dinero', 'diferentes', '.']","[4, 11]",number agreement,"[0, 1, 2, 3, 7, 8, 9, 10]",La India tiene dinero diferente.,La India tiene dinero diferentes.,number agreement,"[0, 1, 2, 3, 7, 8, 9, 10]","{'2': 3, '3': 2, '4': 1, '9': 3, '10': 2, '11': 1}",A,number agreement,"{'2': 3, '3': 2, '4': 1}"
1738,563,856,da23372453085d08b116896be7b2bc3ab8be08079b94b843239d24433b3dc284,SPA 2,Ella veo las ropas y hablar.,Ella veo las [ropas]{ropa}<in:p:noun:inan> y hablar.,[ropas]{ropa}<in:p:noun:inan>,in:p:noun:inan,ropa,ropas,"['Ella', 'veo', 'las', 'ropa', 'y', 'hablar', '.']","['Ella', 'veo', 'las', 'ropas', 'y', 'hablar', '.']","[3, 11]",number agreement,"[2, 10]",Ella veo las ropa y hablar.,Ella veo las ropas y hablar.,number agreement,"[2, 10]","{'0': 3, '1': 2, '2': 2, '3': 1, '5': 3, '8': 3, '9': 2, '10': 2, '11': 1, '13': 3}",A,number agreement,"{'0': 3, '1': 2, '2': 2, '3': 1, '5': 3}"
1336,144,480,3ec13fddbc80372fc25700d49e5979ed77e10ed81caa67aaf62338261e9546e9,SPA 1,La historia verá lo mal americanos.,La historia verá lo [mal]{malos}<na:ps:adj:an> americanos.,[mal]{malos}<na:ps:adj:an>,na:ps:adj:an,malos,mal,"['La', 'historia', 'verá', 'lo', 'malos', 'americanos', '.']","['La', 'historia', 'verá', 'lo', 'mal', 'americanos', '.']","[4, 12]",number agreement,"[0, 1, 2, 3, 5, 8, 9, 10, 11, 13]",La historia verá lo malos americanos.,La historia verá lo mal americanos.,number agreement,"[0, 1, 2, 3, 5, 8, 9, 10, 11, 13]","{'2': 3, '3': 3, '4': 1, '5': 2, '10': 3, '11': 3, '12': 1, '13': 2}",A,number agreement,"{'2': 3, '3': 3, '4': 1, '5': 2}"
728,546,110,9905ab25bc7ca9cbcd758f8586e36bc5286dbce27a5cf6c670b917064b55e5b7,SPA 2,Harvard y Yale son universidades muy difícil.,Harvard y Yale son universidades muy [difícil]{difíciles}<na:ps:adj:inan>.,[difícil]{difíciles}<na:ps:adj:inan>,na:ps:adj:inan,difíciles,difícil,"['Harvard', 'y', 'Yale', 'son', 'universidades', 'muy', 'difíciles', '.']","['Harvard', 'y', 'Yale', 'son', 'universidades', 'muy', 'difícil', '.']","[6, 15]",number agreement,"[0, 1, 2, 3, 4, 5, 9, 10, 11, 12, 13, 14]",Harvard y Yale son universidades muy difíciles.,Harvard y Yale son universidades muy difícil.,number agreement,"[0, 1, 2, 3, 4, 5, 9, 10, 11, 12, 13, 14]","{'0': 3, '3': 3, '4': 2, '5': 2, '6': 1, '9': 3, '12': 3, '13': 2, '14': 2, '15': 1}",A,number agreement,"{'0': 3, '3': 3, '4': 2, '5': 2, '6': 1}"
1937,771,1012,0584238ad4c1d936b13d6c82c226e626f8d6d31d88ba779304c95f960ae895f8,SPA 1,Mi lugar favorito para una vacación es España.,Mi lugar favorito para una [vacación]{vacaciones}<in:s:noun:inan> es España.,[vacación]{vacaciones}<in:s:noun:inan>,in:s:noun:inan,vacaciones,vacación,"['Mi', 'lugar', 'favorito', 'para', 'una', 'vacaciones', 'es', 'España', '.']","['Mi', 'lugar', 'favorito', 'para', 'una', 'vacación', 'es', 'España', '.']","[5, 15]",number agreement,"[4, 14]",Mi lugar favorito para una vacaciones es España.,Mi lugar favorito para una vacación es España.,number agreement,"[4, 14]","{'1': 3, '2': 2, '3': 2, '4': 2, '5': 1, '11': 3, '12': 2, '13': 2, '14': 2, '15': 1}",A,number agreement,"{'1': 3, '2': 2, '3': 2, '4': 2, '5': 1}"
2905,740,1723,368597475c319ceedd4f31b7483a63daa53bf61899cec982a6ae4f5c2d73cc5a,SPA 3,Mi vacación ideal es un viaje de esquiar.,Mi [vacación]{vacaciones}<in:s:noun:inan> ideal es un viaje de esquiar.,[vacación]{vacaciones}<in:s:noun:inan>,in:s:noun:inan,vacaciones,vacación,"['Mi', 'vacaciones', 'ideal', 'es', 'un', 'viaje', 'de', 'esquiar', '.']","['Mi', 'vacación', 'ideal', 'es', 'un', 'viaje', 'de', 'esquiar', '.']","[1, 11]",number agreement,"[0, 10]",Mi vacaciones ideal es un viaje de esquiar.,Mi vacación ideal es un viaje de esquiar.,number agreement,"[0, 10]","{'0': 2, '1': 1, '2': 2, '3': 3, '4': 3, '5': 2, '7': 3, '10': 2, '11': 1, '12': 2, '13': 3, '14': 3, '15': 2, '17': 3}",A,number agreement,"{'0': 2, '1': 1, '2': 2, '3': 3, '4': 3, '5': 2, '7': 3}"
5090,963,725,913d3a0a9c0517fccb60a85036e98932fb934c296fbc4aba9e2373787584a99e,SPA 1,Janet le gusta joven el hombres.,Janet le gusta [joven]{jóvenes}<na:ps:adj:an> [el]{los}<na:ps:det:an> hombres.,[el]{los}<na:ps:det:an>,na:ps:det:an,los,el,"['Janet', 'le', 'gusta', 'jóvenes', 'los', 'hombres', '.']","['Janet', 'le', 'gusta', 'jóvenes', 'el', 'hombres', '.']","[4, 12]",number agreement,"[3, 5, 11, 13]",Janet le gusta jóvenes los hombres.,Janet le gusta jóvenes el hombres.,number agreement,"[3, 5, 11, 13]","{'2': 3, '4': 1, '5': 2, '10': 3, '12': 1, '13': 2}",A,number agreement,"{'2': 3, '4': 1, '5': 2}"
2157,1003,1154,b9baa8ce783672800c2eebd860678b93762fd83da87b5c61656ecfa112f5a7b9,SPA 1,Las comidas son muchos delicioso.,Las comidas son muchos [delicioso]{deliciosas}<ga:na:fm:ps:adj:inan>.,[delicioso]{deliciosas}<ga:na:fm:ps:adj:inan>,ga:na:fm:ps:adj:inan,deliciosas,delicioso,"['Las', 'comidas', 'son', 'muchos', 'deliciosas', '.']","['Las', 'comidas', 'son', 'muchos', 'delicioso', '.']","[4, 11]",gender and number agreement,"[0, 1, 5, 7, 8, 12]",Las comidas son muchos deliciosas.,Las comidas son muchos delicioso.,gender and number agreement,"[0, 1, 5, 7, 8, 12]","{'0': 3, '1': 2, '2': 2, '3': 2, '4': 1, '7': 3, '8': 2, '9': 2, '10': 2, '11': 1}",A,gender and number agreement,"{'0': 3, '1': 2, '2': 2, '3': 2, '4': 1}"
4228,53,1022,f5502334cc91a3b1310897944c13e8506c3f3e2bbe86e54503e2e7711787eed7,SPA 2,El vacaciones a Hawaii estaría perfecto.,[El]{las}<ga:na:fm:ps:det:inan> vacaciones a Hawaii estaría [perfecto]{perfectas}<ga:na:fm:ps:adj:inan>.,[El]{las}<ga:na:fm:ps:det:inan>,ga:na:fm:ps:det:inan,las,El,"['las', 'vacaciones', 'a', 'Hawaii', 'estaría', 'perfectas', '.']","['El', 'vacaciones', 'a', 'Hawaii', 'estaría', 'perfectas', '.']","[0, 8]",gender and number agreement,"[1, 9]",las vacaciones a Hawaii estaría perfectas.,El vacaciones a Hawaii estaría perfectas.,gender and number agreement,"[1, 9]","{'0': 1, '1': 2, '3': 3, '5': 3, '8': 1, '9': 2, '11': 3, '13': 3}",A,gender and number agreement,"{'0': 1, '1': 2, '3': 3, '5': 3}"
3692,533,503,20fb8fb300728d60cc442b3a318dd378a3e3f9d4c70524f10c3a1b5a4f3855e8,SPA 3,Otros de mis favoritos es August Rush.,[Otros]{otra}<ga:na:fm:sp:pron:inan> de mis [favoritos]{favoritas}<ga:fm:adj:inan> es August Rush.,[Otros]{otra}<ga:na:fm:sp:pron:inan>,ga:na:fm:sp:pron:inan,otra,Otros,"['otra', 'de', 'mis', 'favoritas', 'es', 'August', 'Rush', '.']","['Otros', 'de', 'mis', 'favoritas', 'es', 'August', 'Rush', '.']","[0, 9]",gender and number agreement,"[2, 11]",otra de mis favoritas es August Rush.,Otros de mis favoritas es August Rush.,gender and number agreement,"[2, 11]","{'0': 1, '1': 3, '2': 3, '3': 2, '4': 3, '5': 2, '6': 3, '9': 1, '10': 3, '11': 3, '12': 2, '13': 3, '14': 2, '15': 3}",A,gender and number agreement,"{'0': 1, '1': 3, '2': 3, '3': 2, '4': 3, '5': 2, '6': 3}"
751,570,122,8a3910b64f8d643f0eb70e12e7a835eeef6751f23e43e10c199df1dcc4210b58,SPA 3,El visita el mundo y tiene mucho fiestas.,El visita el mundo y tiene [mucho]{muchas}<ga:na:fm:ps:det:inan> fiestas.,[mucho]{muchas}<ga:na:fm:ps:det:inan>,ga:na:fm:ps:det:inan,muchas,mucho,"['El', 'visita', 'el', 'mundo', 'y', 'tiene', 'muchas', 'fiestas', '.']","['El', 'visita', 'el', 'mundo', 'y', 'tiene', 'mucho', 'fiestas', '.']","[6, 16]",gender and number agreement,"[5, 7, 15, 17]",El visita el mundo y tiene muchas fiestas.,El visita el mundo y tiene mucho fiestas.,gender and number agreement,"[5, 7, 15, 17]","{'5': 3, '6': 1, '7': 2, '15': 3, '16': 1, '17': 2}",A,gender and number agreement,"{'5': 3, '6': 1, '7': 2}"
3685,525,498,cbb26b8d51266fea8f3de40f897b94b6b5d5d83b3a645d603316e9eb361b1297,SPA 2,"En mi ciudad, hay muchas gentes famoso.","En mi ciudad, hay muchas [gentes]{gente}<in:p:noun:an> [famoso]{famosas}<ga:na:fm:ps:adj:an>.",[famoso]{famosas}<ga:na:fm:ps:adj:an>,ga:na:fm:ps:adj:an,famosas,famoso,"['En', 'mi', 'ciudad', ',', 'hay', 'muchas', 'gente', 'famosas', '.']","['En', 'mi', 'ciudad', ',', 'hay', 'muchas', 'gente', 'famoso', '.']","[7, 17]",gender and number agreement,"[4, 5, 14, 15]","En mi ciudad, hay muchas gente famosas.","En mi ciudad, hay muchas gente famoso.",gender and number agreement,"[4, 5, 14, 15]","{'4': 3, '5': 3, '6': 2, '7': 1, '14': 3, '15': 3, '16': 2, '17': 1}",A,gender and number agreement,"{'4': 3, '5': 3, '6': 2, '7': 1}"
3850,702,719,baaaf7648b9debcf7e7564c4d0a3e4a73e218c0bd4f94b4eadddd84452d3188a,SPA 2,Otro personas famoso es en el cine.,[Otro]{otras}<ga:na:fm:ps:det:an> personas [famoso]{famosas}<ga:na:fm:ps:adj:an> es en el cine.,[famoso]{famosas}<ga:na:fm:ps:adj:an>,ga:na:fm:ps:adj:an,famosas,famoso,"['otras', 'personas', 'famosas', 'es', 'en', 'el', 'cine', '.']","['otras', 'personas', 'famoso', 'es', 'en', 'el', 'cine', '.']","[2, 11]",gender and number agreement,"[0, 1, 9, 10]",otras personas famosas es en el cine.,otras personas famoso es en el cine.,gender and number agreement,"[0, 1, 9, 10]","{'0': 3, '1': 2, '2': 1, '6': 3, '9': 3, '10': 2, '11': 1, '15': 3}",A,gender and number agreement,"{'0': 3, '1': 2, '2': 1, '6': 3}"
898,728,232,cd829600ef9e851488d14ea1c5093ae9d0e1183b0b644aa4a3e218239a7ead53,SPA 2,Son mis novios favorita de famosos.,Son mis novios [favorita]{favoritos}<ga:na:mf:ps:adj:an> de famosos.,[favorita]{favoritos}<ga:na:mf:ps:adj:an>,ga:na:mf:ps:adj:an,favoritos,favorita,"['Son', 'mis', 'novios', 'favoritos', 'de', 'famosos', '.']","['Son', 'mis', 'novios', 'favorita', 'de', 'famosos', '.']","[3, 11]",gender and number agreement,"[1, 2, 9, 10]",Son mis novios favoritos de famosos.,Son mis novios favorita de famosos.,gender and number agreement,"[1, 2, 9, 10]","{'0': 2, '1': 3, '2': 2, '3': 1, '4': 3, '5': 2, '8': 2, '9': 3, '10': 2, '11': 1, '12': 3, '13': 2}",A,gender and number agreement,"{'0': 2, '1': 3, '2': 2, '3': 1, '4': 3, '5': 2}"
2224,29,1187,d1e8e070bd3d439b0d6d44664c03e015eb017cf794211ac32027719b2e494fb4,SPA 3,Nunca los he visto antes.,Nunca [los]{la}<ga:na:fm:sp:pron:inan> he visto antes.,[los]{la}<ga:na:fm:sp:pron:inan>,ga:na:fm:sp:pron:inan,la,los,"['Nunca', 'la', 'he', 'visto', 'antes', '.']","['Nunca', 'los', 'he', 'visto', 'antes', '.']","[1, 8]",gender and number agreement,"[3, 10]",Nunca la he visto antes.,Nunca los he visto antes.,gender and number agreement,"[3, 10]","{'0': 3, '1': 1, '2': 3, '3': 2, '4': 3, '7': 3, '8': 1, '9': 3, '10': 2, '11': 3}",A,gender and number agreement,"{'0': 3, '1': 1, '2': 3, '3': 2, '4': 3}"
3453,274,303,64b9306dab405f40a498b33fa323a4e752d7fdf7ca269ef8c9b9aec6e6397267,SPA 2,Respeto muchas jugador de deportes profesionales.,Respeto [muchas]{muchos}<ga:na:mf:sp:det:an> [jugador]{jugadores}<na:ps:noun:an> de deportes profesionales.,[muchas]{muchos}<ga:na:mf:sp:det:an>,ga:na:mf:sp:det:an,muchos,muchas,"['Respeto', 'muchos', 'jugadores', 'de', 'deportes', 'profesionales', '.']","['Respeto', 'muchas', 'jugadores', 'de', 'deportes', 'profesionales', '.']","[1, 9]",gender and number agreement,"[2, 10]",Respeto muchos jugadores de deportes profesionales.,Respeto muchas jugadores de deportes profesionales.,gender and number agreement,"[2, 10]","{'0': 3, '1': 1, '2': 2, '4': 3, '8': 3, '9': 1, '10': 2, '12': 3}",A,gender and number agreement,"{'0': 3, '1': 1, '2': 2, '4': 3}"
2680,504,1541,d82e9e888adea10cbf5790295d50e093737de2db4781dd5781b61bc2a852c8e7,SPA 1,Esto es unas vacaciones perfectas para mí.,[Esto]{estas}<ga:na:fm:ps:pron:inan> es unas vacaciones perfectas para mí.,[Esto]{estas}<ga:na:fm:ps:pron:inan>,ga:na:fm:ps:pron:inan,estas,Esto,"['estas', 'es', 'unas', 'vacaciones', 'perfectas', 'para', 'mí', '.']","['Esto', 'es', 'unas', 'vacaciones', 'perfectas', 'para', 'mí', '.']","[0, 9]",gender and number agreement,"[2, 3, 11, 12]",estas es unas vacaciones perfectas para mí.,Esto es unas vacaciones perfectas para mí.,gender and number agreement,"[2, 3, 11, 12]","{'0': 1, '1': 3, '2': 3, '3': 2, '4': 3, '6': 3, '9': 1, '10': 3, '11': 3, '12': 2, '13': 3, '15': 3}",A,gender and number agreement,"{'0': 1, '1': 3, '2': 3, '3': 2, '4': 3, '6': 3}"
2194,1042,1175,f60eafdb9b0e3758b8618f1f492d5a17f4a46a26262c216c070f7d43a1f9a514,SPA 2,Esto sería las vacaciones perfectas.,[Esto]{estas}<ga:na:fm:ps:pron:inan> sería las vacaciones perfectas.,[Esto]{estas}<ga:na:fm:ps:pron:inan>,ga:na:fm:ps:pron:inan,estas,Esto,"['estas', 'sería', 'las', 'vacaciones', 'perfectas', '.']","['Esto', 'sería', 'las', 'vacaciones', 'perfectas', '.']","[0, 7]",gender and number agreement,"[1, 2, 3, 5, 8, 9, 10, 12]",estas sería las vacaciones perfectas.,Esto sería las vacaciones perfectas.,gender and number agreement,"[1, 2, 3, 5, 8, 9, 10, 12]","{'0': 1, '1': 3, '2': 3, '3': 2, '4': 3, '7': 1, '8': 3, '9': 3, '10': 2, '11': 3}",A,gender and number agreement,"{'0': 1, '1': 3, '2': 3, '3': 2, '4': 3}"
1526,345,678,8edf67e9c52859d13cfff0894b9c367c3489fc25a838d9137c2c340f1adba65f,SPA 3,Taylor tiene muchos amigos famosa.,Taylor tiene muchos amigos [famosa]{famosos}<ga:na:mf:ps:adj:an>.,[famosa]{famosos}<ga:na:mf:ps:adj:an>,ga:na:mf:ps:adj:an,famosos,famosa,"['Taylor', 'tiene', 'muchos', 'amigos', 'famosos', '.']","['Taylor', 'tiene', 'muchos', 'amigos', 'famosa', '.']","[4, 11]",gender and number agreement,"[0, 3, 7, 10]",Taylor tiene muchos amigos famosos.,Taylor tiene muchos amigos famosa.,gender and number agreement,"[0, 3, 7, 10]","{'1': 3, '2': 3, '3': 2, '4': 1, '8': 3, '9': 3, '10': 2, '11': 1}",A,gender and number agreement,"{'1': 3, '2': 3, '3': 2, '4': 1}"
986,823,267,61e83c0f9545ad4c60b92a0ca42b4b4805da181e02fa2f8900ca42ea78fa9f82,SPA 2,Ella tiene los ojos azules muy linda.,Ella tiene los ojos azules muy [linda]{lindos}<ga:na:mf:ps:adj:inan>.,[linda]{lindos}<ga:na:mf:ps:adj:inan>,ga:na:mf:ps:adj:inan,lindos,linda,"['Ella', 'tiene', 'los', 'ojos', 'azules', 'muy', 'lindos', '.']","['Ella', 'tiene', 'los', 'ojos', 'azules', 'muy', 'linda', '.']","[6, 15]",gender and number agreement,"[3, 7, 12, 16]",Ella tiene los ojos azules muy lindos.,Ella tiene los ojos azules muy linda.,gender and number agreement,"[3, 7, 12, 16]","{'1': 3, '2': 3, '3': 2, '4': 3, '5': 2, '6': 1, '10': 3, '11': 3, '12': 2, '13': 3, '14': 2, '15': 1}",A,gender and number agreement,"{'1': 3, '2': 3, '3': 2, '4': 3, '5': 2, '6': 1}"
4766,625,1486,8b65e6250a07cf75ba44269612c0cb0611d693cf39dee2a854bec25c37d42237,SPA 3,Las zapatas eran hecho de mi tratatratabuelo.,Las [zapatas]{zapatos}<ig:f:noun:inan> eran [hecho]{hechas}<ga:na:fm:ps:adj:inan> de mi tratatratabuelo.,[hecho]{hechas}<ga:na:fm:ps:adj:inan>,ga:na:fm:ps:adj:inan,hechas,hecho,"['Las', 'zapatos', 'eran', 'hechas', 'de', 'mi', 'tratatratabuelo', '.']","['Las', 'zapatos', 'eran', 'hecho', 'de', 'mi', 'tratatratabuelo', '.']","[3, 12]",gender and number agreement,"[0, 1, 9, 10]",Las zapatos eran hechas de mi tratatratabuelo.,Las zapatos eran hecho de mi tratatratabuelo.,gender and number agreement,"[0, 1, 9, 10]","{'0': 3, '1': 2, '2': 2, '3': 1, '4': 3, '5': 3, '6': 2, '9': 3, '10': 2, '11': 2, '12': 1, '13': 3, '14': 3, '15': 2}",A,gender and number agreement,"{'0': 3, '1': 2, '2': 2, '3': 1, '4': 3, '5': 3, '6': 2}"
5167,1043,1623,d136aa5a6cdd9ba0c56a12b3e4b24b37f0f8293d013291e87537f0d7cd743238,SPA 2,"Entonces será certificado como “perfecto"".","Entonces será [certificado]{certificadas}<ga:fm:adj:inan> como ""[perfecto]{perfectas}<ga:na:fm:ps:adj:inan>"".",[perfecto]{perfectas}<ga:na:fm:ps:adj:inan>,ga:na:fm:ps:adj:inan,perfectas,perfecto,"['Entonces', 'será', 'certificadas', 'como', '""', 'perfectas', '""', '.']","['Entonces', 'será', 'certificadas', 'como', '""', 'perfecto', '""', '.']","[5, 14]",gender and number agreement,"[1, 2, 10, 11]","Entonces será certificadas como ""perfectas"" .","Entonces será certificadas como ""perfecto"" .",gender and number agreement,"[1, 2, 10, 11]","{'2': 3, '3': 3, '4': 2, '5': 1, '11': 3, '12': 3, '13': 2, '14': 1}",A,gender and number agreement,"{'2': 3, '3': 3, '4': 2, '5': 1}"
3238,48,122,3a3993e8da2ccbf08c47b5462f30fadf28defd4069fc3e64e281f9c3e8c44648,SPA 3,Adam y Selena son flacco and muy bonita.,Adam y Selena son [flacco]{flacos}<na:ps:adj:an> and muy [bonita]{bonitos}<ga:na:mf:ps:adj:an>.,[bonita]{bonitos}<ga:na:mf:ps:adj:an>,ga:na:mf:ps:adj:an,bonitos,bonita,"['Adam', 'y', 'Selena', 'son', 'flacos', 'and', 'muy', 'bonitos', '.']","['Adam', 'y', 'Selena', 'son', 'flacos', 'and', 'muy', 'bonita', '.']","[7, 17]",gender and number agreement,"[0, 1, 2, 3, 4, 5, 6, 10, 11, 12, 13, 14, 15, 16]",Adam y Selena son flacos and muy bonitos.,Adam y Selena son flacos and muy bonita.,gender and number agreement,"[0, 1, 2, 3, 4, 5, 6, 10, 11, 12, 13, 14, 15, 16]","{'4': 3, '5': 2, '6': 2, '7': 1, '14': 3, '15': 2, '16': 2, '17': 1}",A,gender and number agreement,"{'4': 3, '5': 2, '6': 2, '7': 1}"
4825,685,1549,035ca59f5ff0ba21d039eb5b9368337114c2d73299ddbfab50f17ee773c2c2a0,SPA 2,Mi favorita edificios es rosado.,[Mi]{mis}<na:ps:det:inan> [favorita]{favoritos}<ga:na:mf:ps:adj:inan> edificios es [rosado]{rosados}<na:ps:adj:inan>.,[favorita]{favoritos}<ga:na:mf:ps:adj:inan>,ga:na:mf:ps:adj:inan,favoritos,favorita,"['mis', 'favoritos', 'edificios', 'es', 'rosados', '.']","['mis', 'favorita', 'edificios', 'es', 'rosados', '.']","[1, 8]",gender and number agreement,"[0, 2, 7, 9]",mis favoritos edificios es rosados.,mis favorita edificios es rosados.,gender and number agreement,"[0, 2, 7, 9]","{'0': 2, '1': 1, '2': 2, '3': 3, '4': 2, '7': 2, '8': 1, '9': 2, '10': 3, '11': 2}",A,gender and number agreement,"{'0': 2, '1': 1, '2': 2, '3': 3, '4': 2}"
1767,595,887,257234fd43f3a836df5db909024458606b59f9f6d711140bbcabbcdd05fe0a7f,SPA 3,Hay muchas personas famoso en Los Ángeles.,Hay muchas personas [famoso]{famosas}<ga:na:fm:ps:adj:an> en Los Ángeles.,[famoso]{famosas}<ga:na:fm:ps:adj:an>,ga:na:fm:ps:adj:an,famosas,famoso,"['Hay', 'muchas', 'personas', 'famosas', 'en', 'Los', 'Ángeles', '.']","['Hay', 'muchas', 'personas', 'famoso', 'en', 'Los', 'Ángeles', '.']","[3, 12]",gender and number agreement,"[1, 10]",Hay muchas personas famosas en Los Ángeles.,Hay muchas personas famoso en Los Ángeles.,gender and number agreement,"[1, 10]","{'0': 3, '1': 3, '2': 2, '3': 1, '9': 3, '10': 3, '11': 2, '12': 1}",A,gender and number agreement,"{'0': 3, '1': 3, '2': 2, '3': 1}"
2212,17,1185,2f9908082062d3b799999e2ca9f4afc3aecc74ca3144648befc9f6a5e682e327,SPA 2,En Francia yo quiero comer muchas queso francés.,En Francia yo quiero comer [muchas]{mucho}<ga:na:mf:sp:det:inan> queso francés.,[muchas]{mucho}<ga:na:mf:sp:det:inan>,ga:na:mf:sp:det:inan,mucho,muchas,"['En', 'Francia', 'yo', 'quiero', 'comer', 'mucho', 'queso', 'francés', '.']","['En', 'Francia', 'yo', 'quiero', 'comer', 'muchas', 'queso', 'francés', '.']","[5, 15]",gender and number agreement,"[3, 4, 6, 13, 14, 16]",En Francia yo quiero comer mucho queso francés.,En Francia yo quiero comer muchas queso francés.,gender and number agreement,"[3, 4, 6, 13, 14, 16]","{'4': 3, '5': 1, '6': 2, '7': 3, '14': 3, '15': 1, '16': 2, '17': 3}",A,gender and number agreement,"{'4': 3, '5': 1, '6': 2, '7': 3}"
4163,1030,976,c4519fa347acef121ed268ed59d3a05100d2b9ead2c77ac92695a209dd70ade8,SPA 2,Mi perfecto vacaciones comienzo cuando me despierto tarde.,[Mi]{mis}<na:ps:det:inan> [perfecto]{perfectas}<ga:na:fm:ps:adj:inan> vacaciones comienzo cuando me despierto tarde.,[perfecto]{perfectas}<ga:na:fm:ps:adj:inan>,ga:na:fm:ps:adj:inan,perfectas,perfecto,"['mis', 'perfectas', 'vacaciones', 'comienzo', 'cuando', 'me', 'despierto', 'tarde', '.']","['mis', 'perfecto', 'vacaciones', 'comienzo', 'cuando', 'me', 'despierto', 'tarde', '.']","[1, 11]",gender and number agreement,"[0, 2, 10, 12]",mis perfectas vacaciones comienzo cuando me despierto tarde.,mis perfecto vacaciones comienzo cuando me despierto tarde.,gender and number agreement,"[0, 2, 10, 12]","{'0': 3, '1': 1, '2': 2, '3': 3, '6': 3, '10': 3, '11': 1, '12': 2, '13': 3, '16': 3}",A,gender and number agreement,"{'0': 3, '1': 1, '2': 2, '3': 3, '6': 3}"
940,773,250,8021e2f5df820d1136bf19f23f86239398dda6a607db3da9e3dfb6b36188723e,SPA 2,Trump necesita mucho tareas de UC Davis.,Trump necesita [mucho]{muchas}<ga:na:fm:ps:det:inan> tareas de UC Davis.,[mucho]{muchas}<ga:na:fm:ps:det:inan>,ga:na:fm:ps:det:inan,muchas,mucho,"['Trump', 'necesita', 'muchas', 'tareas', 'de', 'UC', 'Davis', '.']","['Trump', 'necesita', 'mucho', 'tareas', 'de', 'UC', 'Davis', '.']","[2, 11]",gender and number agreement,"[0, 1, 3, 4, 5, 6, 9, 10, 12, 13, 14, 15]",Trump necesita muchas tareas de UC Davis.,Trump necesita mucho tareas de UC Davis.,gender and number agreement,"[0, 1, 3, 4, 5, 6, 9, 10, 12, 13, 14, 15]","{'1': 3, '2': 1, '3': 2, '5': 3, '10': 3, '11': 1, '12': 2, '14': 3}",A,gender and number agreement,"{'1': 3, '2': 1, '3': 2, '5': 3}"
3839,690,714,6185232a5d33848b4b051b3ffe9bb9e638f4e79c471d70dd72d3b4081f606728,SPA 3,Su amigas son todo malas como ella.,[Su]{sus}<na:ps:det:an> amigas son [todo]{todas}<ga:na:fm:ps:det:an> malas como ella.,[todo]{todas}<ga:na:fm:ps:det:an>,ga:na:fm:ps:det:an,todas,todo,"['sus', 'amigas', 'son', 'todas', 'malas', 'como', 'ella', '.']","['sus', 'amigas', 'son', 'todo', 'malas', 'como', 'ella', '.']","[3, 12]",gender and number agreement,"[1, 2, 4, 10, 11, 13]",sus amigas son todas malas como ella.,sus amigas son todo malas como ella.,gender and number agreement,"[1, 2, 4, 10, 11, 13]","{'1': 3, '2': 3, '3': 1, '4': 2, '6': 3, '10': 3, '11': 3, '12': 1, '13': 2, '15': 3}",A,gender and number agreement,"{'1': 3, '2': 3, '3': 1, '4': 2, '6': 3}"
2264,71,1204,7b40fd7df4f273733c61392e4006e134505b00c80e8096a729f5efa1a6a6c5fc,SPA 2,España tiene mucho cosas que hacer.,España tiene [mucho]{muchas}<ga:na:fm:ps:det:inan> cosas que hacer.,[mucho]{muchas}<ga:na:fm:ps:det:inan>,ga:na:fm:ps:det:inan,muchas,mucho,"['España', 'tiene', 'muchas', 'cosas', 'que', 'hacer', '.']","['España', 'tiene', 'mucho', 'cosas', 'que', 'hacer', '.']","[2, 10]",gender and number agreement,"[1, 3, 9, 11]",España tiene muchas cosas que hacer.,España tiene mucho cosas que hacer.,gender and number agreement,"[1, 3, 9, 11]","{'1': 3, '2': 1, '3': 2, '5': 3, '9': 3, '10': 1, '11': 2, '13': 3}",A,gender and number agreement,"{'1': 3, '2': 1, '3': 2, '5': 3}"
2940,777,313,1ae68a1b652ef6b5834c86c40a85df24500b6df8e0d5ec0ed754f23e8a42cfa9,SPA 3,"Pero, la ropa son caros.","Pero, la ropa son [caros]{cara}<ga:na:fm:sp:adj:inan>.",[caros]{cara}<ga:na:fm:sp:adj:inan>,ga:na:fm:sp:adj:inan,cara,caros,"['Pero', ',', 'la', 'ropa', 'son', 'cara', '.']","['Pero', ',', 'la', 'ropa', 'son', 'caros', '.']","[5, 13]",gender and number agreement,"[2, 3, 10, 11]","Pero, la ropa son cara.","Pero, la ropa son caros.",gender and number agreement,"[2, 3, 10, 11]","{'0': 2, '2': 3, '3': 2, '4': 2, '5': 1, '8': 2, '10': 3, '11': 2, '12': 2, '13': 1}",A,gender and number agreement,"{'0': 2, '2': 3, '3': 2, '4': 2, '5': 1}"
1527,346,678,bd9c12bb2ebcaebd9779a5a67a5ec255720c2e1695002d0f0704c1282f9cbda8,SPA 3,Ella ha salido muchos novios famosa.,Ella ha salido muchos novios [famosa]{famosos}<ga:na:mf:ps:adj:an>.,[famosa]{famosos}<ga:na:mf:ps:adj:an>,ga:na:mf:ps:adj:an,famosos,famosa,"['Ella', 'ha', 'salido', 'muchos', 'novios', 'famosos', '.']","['Ella', 'ha', 'salido', 'muchos', 'novios', 'famosa', '.']","[5, 13]",gender and number agreement,"[0, 3, 4, 6, 8, 11, 12, 14]",Ella ha salido muchos novios famosos.,Ella ha salido muchos novios famosa.,gender and number agreement,"[0, 3, 4, 6, 8, 11, 12, 14]","{'2': 3, '3': 3, '4': 2, '5': 1, '10': 3, '11': 3, '12': 2, '13': 1}",A,gender and number agreement,"{'2': 3, '3': 3, '4': 2, '5': 1}"
