,paragraph_id,sentence_id,course,essay_new,annotated_sentence,full_error_tag,error_tag,correction,error,target,source,correction_index,new_error_type,raw_evidence
33,144,23f769f4972184b3c91115068a79f84ab5d5400f23ee38f8889b8377d9eee613,SPA 1,"En septiembre de 2006, Pitt y Jolie establecieron una organización caritativa, la Fundación Jolie-Pitt, para ayudar a las causas humanitarias en todo el mundo.","En septiembre de 2006, Pitt y Jolie establecieron una organización caritativa, la Fundación Jolie-Pitt, para ayudar [a]{}<za:do:inan> las causas humanitarias en todo el mundo.",[a]{}<za:do:inan>,za:do:inan,,a,"['En', 'septiembre', 'de', '2006', ',', 'Pitt', 'y', 'Jolie', 'establecieron', 'una', 'organización', 'caritativa', ',', 'la', 'Fundación', 'Jolie', '-', 'Pitt', ',', 'para', 'ayudar', '[NONE]', 'las', 'causas', 'humanitarias', 'en', 'todo', 'el', 'mundo', '.']","['En', 'septiembre', 'de', '2006', ',', 'Pitt', 'y', 'Jolie', 'establecieron', 'una', 'organización', 'caritativa', ',', 'la', 'Fundación', 'Jolie', '-', 'Pitt', ',', 'para', 'ayudar', 'a', 'las', 'causas', 'humanitarias', 'en', 'todo', 'el', 'mundo', '.']","[21, 52]",article,"evidence words = ""para"", ""ayudar"", ""a"", ""las""
indexes = 32, 33, 34, 35"
54,207,7780bedfea4388b2e5ddb0eed743b73f08d0bfd5e3577903a975fed6238fb329,SPA 1,"Él le da a su estudiante unas papeles, unos lápices, unos bolígrafo, una mochila, unoa calculadora, y unos cuaderno.","Él le da [a]{a}<aa:io:an> su estudiante unas papeles, unos lápices, unos bolígrafo, una mochila, unoa calculadora, y unos cuaderno.",[a]{a}<aa:io:an>,aa:io:an,a,a,"['Él', 'le', 'da', 'a', 'su', 'estudiante', 'unas', 'papeles', ',', 'unos', 'lápices', ',', 'unos', 'bolígrafo', ',', 'una', 'mochila', ',', 'unoa', 'calculadora', ',', 'y', 'unos', 'cuaderno', '.']","['Él', 'le', 'da', 'a', 'su', 'estudiante', 'unas', 'papeles', ',', 'unos', 'lápices', ',', 'unos', 'bolígrafo', ',', 'una', 'mochila', ',', 'unoa', 'calculadora', ',', 'y', 'unos', 'cuaderno', '.']","[3, 29]",article,"evidence words = unoa, calculadora
indexes = 13, 14"
83,297,8096ce69dae7e8547a3d9286ad65c2a4972183e18ac177c2f92283c14af18ff4,SPA 2,"También, él es embajador para ayudar a la conservación de los pandas.","También, él es embajador para ayudar [a]{}<za:do:inan> la conservación de los pandas.",[a]{}<za:do:inan>,za:do:inan,,a,"['También', ',', 'él', 'es', 'embajador', 'para', 'ayudar', '[NONE]', 'la', 'conservación', 'de', 'los', 'pandas', '.']","['También', ',', 'él', 'es', 'embajador', 'para', 'ayudar', 'a', 'la', 'conservación', 'de', 'los', 'pandas', '.']","[7, 22]",article,"evidence words = ayudar, a
indexes = 6, 7"
137,454,a5f1071046c1275043b5fcfb542a71a420b045455c34c03f4d6e7358eeb1205d,SPA 3,Ella decidió llevar a los Estados Unidos a la edad de diecisiete años.,Ella decidió llevar [a]{}<za:do:inan> los Estados Unidos a la edad de diecisiete años.,[a]{}<za:do:inan>,za:do:inan,,a,"['Ella', 'decidió', 'llevar', '[NONE]', 'los', 'Estados', 'Unidos', 'a', 'la', 'edad', 'de', 'diecisiete', 'años', '.']","['Ella', 'decidió', 'llevar', 'a', 'los', 'Estados', 'Unidos', 'a', 'la', 'edad', 'de', 'diecisiete', 'años', '.']","[3, 18]",article,"evidence words = a, a
indexes = 3, 6"
157,528,114aed544e8ef383f6ec317584868e6e7f6080ccf9205d704c648e6b676d7809,SPA 3,"Pasó la mayor parte de su carrera con los Minnesota Timberwolves, donde ayudó a revivir una franquicia perdedora por sí mismo, ayudando al equipo a llegar a los playoffs durante muchos años.","Pasó la mayor parte de su carrera con los Minnesota Timberwolves, donde ayudó a revivir una franquicia perdedora por sí mismo, ayudando [al]{al}<aa:do:an> equipo a llegar a los playoffs durante muchos años.",[al]{al}<aa:do:an>,aa:do:an,al,al,"['Pasó', 'la', 'mayor', 'parte', 'de', 'su', 'carrera', 'con', 'los', 'Minnesota', 'Timberwolves', ',', 'donde', 'ayudó', 'a', 'revivir', 'una', 'franquicia', 'perdedora', 'por', 'sí', 'mismo', ',', 'ayudando', 'al', 'equipo', 'a', 'llegar', 'a', 'los', 'playoffs', 'durante', 'muchos', 'años', '.']","['Pasó', 'la', 'mayor', 'parte', 'de', 'su', 'carrera', 'con', 'los', 'Minnesota', 'Timberwolves', ',', 'donde', 'ayudó', 'a', 'revivir', 'una', 'franquicia', 'perdedora', 'por', 'sí', 'mismo', ',', 'ayudando', 'al', 'equipo', 'a', 'llegar', 'a', 'los', 'playoffs', 'durante', 'muchos', 'años', '.']","[24, 60]",article,"evidence words = ""al"", ""al""
indexes = 25, 31"
168,653,158b36f69271602fc79b0f0bc839cd62fd4b1f0d0b8ec71b13f05f4a1814aa70,SPA 3,Voy a traducir Kim Jong Un.,Voy a traducir []{a}<az:do:an>  Kim Jong Un.,[]{a}<az:do:an>,az:do:an,a,,"['Voy', 'a', 'traducir', 'a', 'Kim', 'Jong', 'Un', '.']","['Voy', 'a', 'traducir', '[NONE]', 'Kim', 'Jong', 'Un', '.']","[3, 12]",article,"evidence words = Voy, a, traducir, [NONE], Kim, Jong, Un
indexes = 0, 1, 2, 3, 4, 5, 6"
176,700,07563b7422c7344e6c29c47b3670f123013496e96a08bf89af5a6dd9f28f3325,SPA 3,"Además, influenció a su marido para promulgar políticas que ayudaron personas desfavorecidas.","Además, influenció   su marido para promulgar políticas que ayudaron [a]{}<za:do:inan> personas desfavorecidas.",[a]{}<za:do:inan>,za:do:inan,,a,"['Además', ',', 'influenció', 'su', 'marido', 'para', 'promulgar', 'políticas', 'que', 'ayudaron', '[NONE]', 'personas', 'desfavorecidas', '.']","['Además', ',', 'influenció', 'su', 'marido', 'para', 'promulgar', 'políticas', 'que', 'ayudaron', 'a', 'personas', 'desfavorecidas', '.']","[10, 25]",article,"evidence words = ""ayudaron"", ""a""
indexes = 9, 10"
177,703,b961b6dfbe3f5a074d03d296e53e66671438944ec566083857e407ffcc07820b,SPA 3,Él interpreta al personaje llamado Rafael.,Él interpreta [al]{al}<aa:do:an> personaje llamado Rafael.,[al]{al}<aa:do:an>,aa:do:an,al,al,"['Él', 'interpreta', 'al', 'personaje', 'llamado', 'Rafael', '.']","['Él', 'interpreta', 'al', 'personaje', 'llamado', 'Rafael', '.']","[2, 10]",article,"evidence words = ""al""
indexes = 2"
230,945,843c44718e4da2fa8beb357efb03ea1f08969ce92177c2f65338e81b632b9cbc,SPA 3,"Me gusta el mar y ver los animales como pescado, tiburón, y ballenas.","Me gusta el mar y ver []{a}<az:do:an> los animales como pescado, tiburón, y ballenas.",[]{a}<az:do:an>,az:do:an,a,,"['Me', 'gusta', 'el', 'mar', 'y', 'ver', 'a', 'los', 'animales', 'como', 'pescado', ',', 'tiburón', ',', 'y', 'ballenas', '.']","['Me', 'gusta', 'el', 'mar', 'y', 'ver', '[NONE]', 'los', 'animales', 'como', 'pescado', ',', 'tiburón', ',', 'y', 'ballenas', '.']","[6, 24]",article,"evidence words = Me, gusta, el, mar, y, ver, [NONE], los, animales, como, pescado, tiburón, y, ballenas
indexes = 0, 1, 2, 3, 4, 5, 6, 7, 8, 9, 10, 11, 12, 13"
239,960,2a24ab63c2a993b116e05a692e76b73e6c03d020d9c3acfb3d49a716e68369de,SPA 2,"Nosotros vamos a visitar a las tiendas de juegos como ""It´s Game Time"" en Los Ángeles Oeste.","Nosotros vamos a visitar [a]{}<za:do:inan> las tiendas de juegos como ""It´s Game Time"" en Los Ángeles Oeste.",[a]{}<za:do:inan>,za:do:inan,,a,"['Nosotros', 'vamos', 'a', 'visitar', '[NONE]', 'las', 'tiendas', 'de', 'juegos', 'como', '""', 'It', '´', 's', 'Game', 'Time', '""', 'en', 'Los', 'Ángeles', 'Oeste', '.']","['Nosotros', 'vamos', 'a', 'visitar', 'a', 'las', 'tiendas', 'de', 'juegos', 'como', '""', 'It', '´', 's', 'Game', 'Time', '""', 'en', 'Los', 'Ángeles', 'Oeste', '.']","[4, 27]",article,"evidence words = ""visitar"", ""a"", ""las""
indexes = 2, 3, 5"
264,1056,b790571b70685dfc7b4ee434c623a51b3659fca91e5193af9850da663e5a926f,SPA 2,Yo también me gusta visitar al barrio Japón.,Yo también me gusta visitar [al]{}<za:do:inan> barrio Japón.,[al]{}<za:do:inan>,za:do:inan,,al,"['Yo', 'también', 'me', 'gusta', 'visitar', '[NONE]', 'barrio', 'Japón', '.']","['Yo', 'también', 'me', 'gusta', 'visitar', 'al', 'barrio', 'Japón', '.']","[5, 15]",article,"evidence words = ""visitar"", ""al""
indexes = 4, 5"
375,1611,699ce33a3318bde9cb391eee71584e6a8a4f7e3e6b9f4eb24b0268107a26d724,SPA 1,"También, voy a visitar a la abuela y al abuelo de mi papá.","También, voy a visitar a la abuela [al]{al}<aa:do:an> abuelo de mi papá.",[al]{al}<aa:do:an>,aa:do:an,al,al,"['También', ',', 'voy', 'a', 'visitar', 'a', 'la', 'abuela', 'al', 'abuelo', 'de', 'mi', 'papá', '.']","['También', ',', 'voy', 'a', 'visitar', 'a', 'la', 'abuela', 'al', 'abuelo', 'de', 'mi', 'papá', '.']","[8, 23]",article,"evidence words = ""abuela"", ""al"", ""abuelo""
indexes = 8, 9, 10"
377,1613,8d62c9143953df2e8a7f89f596916a9da28ff7436fee73b7ef7c9e0753334465,SPA 3,Él va a llevarme para visitar a los lugares famosos en el país.,Él va a llevarme para visitar [a]{}<za:do:inan> los lugares famosos en el país.,[a]{}<za:do:inan>,za:do:inan,,a,"['Él', 'va', 'a', 'llevarme', 'para', 'visitar', '[NONE]', 'los', 'lugares', 'famosos', 'en', 'el', 'país', '.']","['Él', 'va', 'a', 'llevarme', 'para', 'visitar', 'a', 'los', 'lugares', 'famosos', 'en', 'el', 'país', '.']","[6, 21]",article,"evidence words = ""a, visitar"",
indexes = ""2, 5"""
392,399,74da67c9cc3e9d1f539367fbe5fe8d9c9f417c66badff10ddc3b8137632b4099,SPA 3,Espero que yo pueda conocer el hombre en la vida real.,Espero que yo pueda conocer [a]{a}<az:do:an> el hombre en la vida real.,[a]{a}<az:do:an>,az:do:an,a,a,"['Espero', 'que', 'yo', 'pueda', 'conocer', 'a', 'el', 'hombre', 'en', 'la', 'vida', 'real', '.']","['Espero', 'que', 'yo', 'pueda', 'conocer', 'a', 'el', 'hombre', 'en', 'la', 'vida', 'real', '.']","[5, 19]",article,"evidence words = ""a"", ""el""
indexes = 6, 7"
393,399,c7c4f7440c6692099bef55de1ad41119eaa42640122cce413809b6314d9d0c3a,SPA 3,"Si yo pudiera conocer a el, yo le preguntaria a el muchas preguntas como, ""como te sientes de ser un actor por todo de su vida y por cuanto mas anos vas a protagonizar en las peliculas?""","Si yo pudiera conocer [a]{a}<az:do:an> el, yo le preguntaria  el muchas preguntas como, ""como te sientes de ser un actor por todo de su vida y por cuanto mas anos vas a protagonizar en las peliculas?""",[a]{a}<az:do:an>,az:do:an,a,a,"['Si', 'yo', 'pudiera', 'conocer', 'a', 'el', ',', 'yo', 'le', 'preguntaria', 'el', 'muchas', 'preguntas', 'como', ',', '""', 'como', 'te', 'sientes', 'de', 'ser', 'un', 'actor', 'por', 'todo', 'de', 'su', 'vida', 'y', 'por', 'cuanto', 'mas', 'anos', 'vas', 'a', 'protagonizar', 'en', 'las', 'peliculas', '?', '""']","['Si', 'yo', 'pudiera', 'conocer', 'a', 'el', ',', 'yo', 'le', 'preguntaria', 'el', 'muchas', 'preguntas', 'como', ',', '""', 'como', 'te', 'sientes', 'de', 'ser', 'un', 'actor', 'por', 'todo', 'de', 'su', 'vida', 'y', 'por', 'cuanto', 'mas', 'anos', 'vas', 'a', 'protagonizar', 'en', 'las', 'peliculas', '?', '""']","[4, 46]",article,"evidence words = a, el
indexes = 4, 5"
397,900,802e4ad5cd57f66325b96955e3383bd5cfaf47b51a9207b7638703cf9cbf7fc8,SPA 2,Incluso regresó a Taiwan para filmar una de sus películas.,Incluso regresó [a]{}<za:do:inan>  Taiwan para filmar una de sus películas.,[a]{}<za:do:inan>,za:do:inan,,a,"['Incluso', 'regresó', '[NONE]', 'Taiwan', 'para', 'filmar', 'una', 'de', 'sus', 'películas', '.']","['Incluso', 'regresó', 'a', 'Taiwan', 'para', 'filmar', 'una', 'de', 'sus', 'películas', '.']","[2, 14]",article,"evidence words = ""regresó"", ""a""
indexes = 1, 2"
458,37,2d10dd99d35965bfb38f09cf93001740ee3e21e1c84cee73134b2a47d85f5658,SPA 3,Ella es un modelo también.,Ella es [un]{una}<ga:fm:det:an> modelo también.,[un]{una}<ga:fm:det:an>,ga:fm:det:an,una,un,"['Ella', 'es', 'una', 'modelo', 'también', '.']","['Ella', 'es', 'un', 'modelo', 'también', '.']","[2, 9]",gender agreement,"evidence words = ""es"", ""un"", ""modelo""
indexes = 1, 2, 3"
717,224,e1251ad81b6b43aaea468f7a545f1141fefb350264285f2dcdcbbfacdf4dde1c,SPA 1,Brad Pitt es trabajadora.,Brad Pitt es [trabajadora]{trabajador}<ga:mf:adj:an>.,[trabajadora]{trabajador}<ga:mf:adj:an>,ga:mf:adj:an,trabajador,trabajadora,"['Brad', 'Pitt', 'es', 'trabajador', '.']","['Brad', 'Pitt', 'es', 'trabajadora', '.']","[3, 9]",gender agreement,"evidence words = Brad, Pitt, es, trabajadora
indexes = 0, 1, 2, 3"
803,259,02f46d838a3b27c9935348dd697e4676211950238c6f2b68ef433a586947fbf4,SPA 1,Sus caracter generalmente inteligente y talento.,Sus [caracter]{caracteres}<na:ps:noun:an> generalmente inteligente y talento.,[caracter]{caracteres}<na:ps:noun:an>,na:ps:noun:an,caracteres,caracter,"['Sus', 'caracteres', 'generalmente', 'inteligente', 'y', 'talento', '.']","['Sus', 'caracter', 'generalmente', 'inteligente', 'y', 'talento', '.']","[1, 9]",number agreement,"evidence words = Sus, caracter, generalmente
indexes = 0, 1, 2"
866,295,d65b7ae7b17966387f98fe37dd720db3eff587297bcef32efe02c50f293382aa,SPA 1,Es un poco caro pero la calidad es excelente!,Es un poco [caro]{cara}<ga:fm:adj:inan> pero la calidad es excelente!,[caro]{cara}<ga:fm:adj:inan>,ga:fm:adj:inan,cara,caro,"['Es', 'un', 'poco', 'cara', 'pero', 'la', 'calidad', 'es', 'excelente', '!']","['Es', 'un', 'poco', 'caro', 'pero', 'la', 'calidad', 'es', 'excelente', '!']","[3, 14]",gender agreement,"evidence words = un, poco, cara
indexes = 1, 2, 3"
905,314,06557d16c5d8ff5fb5cf7a04ac03a23697eb1028b0fed22c9a8bc296b0de7703,SPA 2,No tiene ningún nietos.,No tiene ningún [nietos]{nieto}<na:sp:noun:an>.,[nietos]{nieto}<na:sp:noun:an>,na:sp:noun:an,nieto,nietos,"['No', 'tiene', 'ningún', 'nieto', '.']","['No', 'tiene', 'ningún', 'nietos', '.']","[3, 9]",number agreement,"evidence words = ""ningún"", ""nietos""
indexes = 2, 3"
44,388,ec7332f71626a777818025d3969b189b91ba6be66955b7294ae606bf0b09644e,SPA 3,Estoy emocionado de ver lo que mi futuro sostiene,Estoy [emocionado]{emocionada}<ga:fm:adj:an> de ver lo que mi futuro sostiene,[emocionado]{emocionada}<ga:fm:adj:an>,ga:fm:adj:an,emocionada,emocionado,"['Estoy', 'emocionada', 'de', 'ver', 'lo', 'que', 'mi', 'futuro', 'sostiene']","['Estoy', 'emocionado', 'de', 'ver', 'lo', 'que', 'mi', 'futuro', 'sostiene']","[1, 11]",gender agreement,"evidence words = ""Estoy"", ""emocionado""
indexes = 0, 1"
326,658,cf8c0d5330c300fad4bbdde58be9da7090b5529b0e4ba729dd3e2adfdf8fb554,SPA 3,Él tiene marrones pelo y marrones ojos.,Él tiene [marrones]{marrón}<na:sp:adj:inan> pelo y marrones ojos.,[marrones]{marrón}<na:sp:adj:inan>,na:sp:adj:inan,marrón,marrones,"['Él', 'tiene', 'marrón', 'pelo', 'y', 'marrones', 'ojos', '.']","['Él', 'tiene', 'marrones', 'pelo', 'y', 'marrones', 'ojos', '.']","[2, 11]",number agreement,"evidence words = 'tiene', 'marrones', 'pelo', 'y', 'marrones', 'ojos'
indexes = 1, 2, 3, 4, 5, 6"
436,737,55e6de30e0791ee9b3fafa07812b4439d5b35d84fa716842bd93a75f4f19864d,SPA 3,"Recientemente, el gano uno des los premios mas conocidos ""Walter Peyton Man of the Year"" El gano este premio por que ayudo a las víctimas del huracán Harvey y junto mas de 6 millones para ellos.","Recientemente, el gano uno des los premios mas conocidos ""Walter Peyton Man of the Year"" El gano este premio por que ayudo a las víctimas del huracán Harvey y junto mas de 6 millones para [ellos]{ellas}<ga:fm:pron:an>.",[ellos]{ellas}<ga:fm:pron:an>,ga:fm:pron:an,ellas,ellos,"['Recientemente', ',', 'el', 'gano', 'uno', 'des', 'los', 'premios', 'mas', 'conocidos', '""', 'Walter', 'Peyton', 'Man', 'of', 'the', 'Year', '""', 'El', 'gano', 'este', 'premio', 'por', 'que', 'ayudo', 'a', 'las', 'víctimas', 'del', 'huracán', 'Harvey', 'y', 'junto', 'mas', 'de', '6', 'millones', 'para', 'ellas', '.']","['Recientemente', ',', 'el', 'gano', 'uno', 'des', 'los', 'premios', 'mas', 'conocidos', '""', 'Walter', 'Peyton', 'Man', 'of', 'the', 'Year', '""', 'El', 'gano', 'este', 'premio', 'por', 'que', 'ayudo', 'a', 'las', 'víctimas', 'del', 'huracán', 'Harvey', 'y', 'junto', 'mas', 'de', '6', 'millones', 'para', 'ellos', '.']","[38, 79]",gender agreement,"evidence words = ""las víctimas"", ""ellos""
indexes = 26, 27, 41"
570,861,3badb4ea195c5f1e6934956b8b29c2a6ae993d301bfa5f0035da9f0712176907,SPA 2,Ella quire que no sean timidos y hagan lo que quieran.,Ella quire que no sean [timidos]{tímidas}<ga:fm:adj:an>  y hagan lo que quieran.,[timidos]{tímidas}<ga:fm:adj:an>,ga:fm:adj:an,tímidas,timidos,"['Ella', 'quire', 'que', 'no', 'sean', 'tímidas', 'y', 'hagan', 'lo', 'que', 'quieran', '.']","['Ella', 'quire', 'que', 'no', 'sean', 'timidos', 'y', 'hagan', 'lo', 'que', 'quieran', '.']","[5, 18]",gender agreement,"evidence words = Ella, sean, timidos
indexes = 0, 4, 6"
581,875,81f6cc241e21349a7c424344b4fd9ba503e8716cb53b766ea01e4eb6db12ae4d,SPA 2,Espero estar menos avergonzado cantando en el futuro.,Espero estar menos [avergonzado]{avergonzada}<ga:fm:adj:an> cantando en el futuro.,[avergonzado]{avergonzada}<ga:fm:adj:an>,ga:fm:adj:an,avergonzada,avergonzado,"['Espero', 'estar', 'menos', 'avergonzada', 'cantando', 'en', 'el', 'futuro', '.']","['Espero', 'estar', 'menos', 'avergonzado', 'cantando', 'en', 'el', 'futuro', '.']","[3, 13]",gender agreement,"evidence words = avergonzado, estar
indexes = 3,1"
795,1046,43a66f98a916fafbee82460c7b3ad1a29e09f9c4ae59554a40e5d4e3edb6491e,SPA 2,Yo compro un vestido de boda en la tienda de ropa en Francia porque las ropas es muy bonita.,Yo compro un vestido de boda en la tienda de ropa en Francia porque las ropas es muy [bonita]{bonitas}<na:ps:adj:inan>.,[bonita]{bonitas}<na:ps:adj:inan>,na:ps:adj:inan,bonitas,bonita,"['Yo', 'compro', 'un', 'vestido', 'de', 'boda', 'en', 'la', 'tienda', 'de', 'ropa', 'en', 'Francia', 'porque', 'las', 'ropas', 'es', 'muy', 'bonitas', '.']","['Yo', 'compro', 'un', 'vestido', 'de', 'boda', 'en', 'la', 'tienda', 'de', 'ropa', 'en', 'Francia', 'porque', 'las', 'ropas', 'es', 'muy', 'bonita', '.']","[18, 39]",number agreement,"evidence words = ropas, es, bonita
indexes = 19, 20, 23"
843,1078,9dbbf9ba69eb0e8626336028644d636e2fde01cf8a41c6a5ebde8ec2abd48def,SPA 1,"Yo quiero ir en el calor y tomar en sol, por que ahora mismo yo estoy muy palido.","Yo quiero ir en el calor y tomar en sol, por que ahora mismo yo estoy muy [palido]{pálida}<ga:fm:adj:an>.",[palido]{pálida}<ga:fm:adj:an>,ga:fm:adj:an,pálida,palido,"['Yo', 'quiero', 'ir', 'en', 'el', 'calor', 'y', 'tomar', 'en', 'sol', ',', 'por', 'que', 'ahora', 'mismo', 'yo', 'estoy', 'muy', 'pálida', '.']","['Yo', 'quiero', 'ir', 'en', 'el', 'calor', 'y', 'tomar', 'en', 'sol', ',', 'por', 'que', 'ahora', 'mismo', 'yo', 'estoy', 'muy', 'palido', '.']","[18, 39]",gender agreement,"evidence words = ""yo"", ""estoy"",
indexes = 0, 15."
844,1078,146e84fb41be9ca4e0b9459fb61ebba1070be6437abad9c73282b54d3a942a1e,SPA 1,Tambien sera una oprtunidad para que yo practique mi griego con otros personas.,Tambien sera una oprtunidad para que yo practique mi griego con [otros]{otras}<ga:fm:det:an> personas.,[otros]{otras}<ga:fm:det:an>,ga:fm:det:an,otras,otros,"['Tambien', 'sera', 'una', 'oprtunidad', 'para', 'que', 'yo', 'practique', 'mi', 'griego', 'con', 'otras', 'personas', '.']","['Tambien', 'sera', 'una', 'oprtunidad', 'para', 'que', 'yo', 'practique', 'mi', 'griego', 'con', 'otros', 'personas', '.']","[11, 26]",gender agreement,"evidence words = sera, una, oportunidad, practique, mi, griego, con, otros, personas
indexes = 1, 2, 3, 9, 10, 11, 12, 13, 14"
105,1218,c81fd0b4ab4e4a820a52561da2c51f8ab01cecc8dfb3ebfe49890af11051e184,SPA 1,"Y esto seria mis vacaciones perfectas porque
estaria rodeado por la gente que amo junto con los paises/estados hermosos.","Y [esto]{estas}<ga:na:fm:ps:pron:inan> seria mis vacaciones perfectas porque
estaria rodeado por la gente que amo junto con los paises/estados hermosos.",[esto]{estas}<ga:na:fm:ps:pron:inan>,ga:na:fm:ps:pron:inan,estas,esto,"['Y', 'estas', 'seria', 'mis', 'vacaciones', 'perfectas', 'porque', 'estaria', 'rodeado', 'por', 'la', 'gente', 'que', 'amo', 'junto', 'con', 'los', 'paises', '/', 'estados', 'hermosos', '.']","['Y', 'esto', 'seria', 'mis', 'vacaciones', 'perfectas', 'porque', 'estaria', 'rodeado', 'por', 'la', 'gente', 'que', 'amo', 'junto', 'con', 'los', 'paises', '/', 'estados', 'hermosos', '.']","[1, 24]",gender and number agreement,"evidence words = estas, vacaciones
indexes = 1, 4"
304,1349,d7487a763320aae7283329f05ef377965f729cd5929b0685c5e1369948461d54,SPA 3,"A menudo comer y anhelar comida japonesa en *CITY*, sin embargo, puede ser caro.","A menudo comer y anhelar comida japonesa en *CITY*, sin embargo, puede ser [caro]{cara}<ga:fm:adj:inan>.",[caro]{cara}<ga:fm:adj:inan>,ga:fm:adj:inan,cara,caro,"['A', 'menudo', 'comer', 'y', 'anhelar', 'comida', 'japonesa', 'en', '*', 'CITY', '*', ',', 'sin', 'embargo', ',', 'puede', 'ser', 'cara', '.']","['A', 'menudo', 'comer', 'y', 'anhelar', 'comida', 'japonesa', 'en', '*', 'CITY', '*', ',', 'sin', 'embargo', ',', 'puede', 'ser', 'caro', '.']","[17, 37]",gender agreement,"evidence words = comida , caro
indexes = 6 , 17"
584,1595,7628e929fa0643de096cb19a27db8738dae45a3cae912df73ca2583bbb9c5d42,SPA 3,"Quiero visito un pub con amigos, y conocía nuevo amigos.","Quiero visito un pub con amigos, y conocía [nuevo]{nuevos}<na:ps:adj:an> amigos.",[nuevo]{nuevos}<na:ps:adj:an>,na:ps:adj:an,nuevos,nuevo,"['Quiero', 'visito', 'un', 'pub', 'con', 'amigos', ',', 'y', 'conocía', 'nuevos', 'amigos', '.']","['Quiero', 'visito', 'un', 'pub', 'con', 'amigos', ',', 'y', 'conocía', 'nuevo', 'amigos', '.']","[9, 22]",number agreement,"evidence words = ""conocía"", ""nuevo"", ""amigos""
indexes = 11, 12, 13"
600,1613,00973fe27bbd46127eddb36739f1ccc40a64030ce54fce0d9afde8891a8978ae,SPA 3,Espero que ellos me diga sobre la historia de mi familia y porque ellos llegaron en Gran Bretaña mientras mis padres y yo llegamos en el E.E.U.U.,Espero que ellos me diga sobre la historia de mi familia y porque ellos llegaron en Gran Bretaña mientras mis padres y yo llegamos en [el]{los}<na:ps:det:inan> E.E.U.U.,[el]{los}<na:ps:det:inan>,na:ps:det:inan,los,el,"['Espero', 'que', 'ellos', 'me', 'diga', 'sobre', 'la', 'historia', 'de', 'mi', 'familia', 'y', 'porque', 'ellos', 'llegaron', 'en', 'Gran', 'Bretaña', 'mientras', 'mis', 'padres', 'y', 'yo', 'llegamos', 'en', 'los', 'E', '.', 'E', '.', 'U', '.', 'U', '.']","['Espero', 'que', 'ellos', 'me', 'diga', 'sobre', 'la', 'historia', 'de', 'mi', 'familia', 'y', 'porque', 'ellos', 'llegaron', 'en', 'Gran', 'Bretaña', 'mientras', 'mis', 'padres', 'y', 'yo', 'llegamos', 'en', 'el', 'E', '.', 'E', '.', 'U', '.', 'U', '.']","[25, 60]",number agreement,"evidence words = el, E , E , U , U 
indexes = 27, 28, 29, 30, 31, 32"
611,1621,6c57cc50a243bd18965ef2b52d098f5d3940410f50d58561b2b6801a1fe3a3f7,SPA 3,"Los bosques en Costa Rica miran muy bonitas en fotos, y no puedo imaginar como las bonitas en persona.","Los bosques en Costa Rica miran muy [bonitas]{bonitos}<ga:mf:adj:inan> en fotos, y no puedo imaginar como las bonitas en persona.",[bonitas]{bonitos}<ga:mf:adj:inan>,ga:mf:adj:inan,bonitos,bonitas,"['Los', 'bosques', 'en', 'Costa', 'Rica', 'miran', 'muy', 'bonitos', 'en', 'fotos', ',', 'y', 'no', 'puedo', 'imaginar', 'como', 'las', 'bonitas', 'en', 'persona', '.']","['Los', 'bosques', 'en', 'Costa', 'Rica', 'miran', 'muy', 'bonitas', 'en', 'fotos', ',', 'y', 'no', 'puedo', 'imaginar', 'como', 'las', 'bonitas', 'en', 'persona', '.']","[7, 29]",gender agreement,"evidence words = Los, bosques, bonitas
indexes = 0, 1, 11"
789,385,15fd3ba3c68bdf89f2957bf0fe5640380263daf35b5d52fb5efa81fedaa56909,SPA 2,Tienen toda musica en Youtube de todo gente puede escuchar y tienen siste milion subscribers.,Tienen toda musica en Youtube de [todo]{toda}<ga:fm:det:an> gente puede escuchar y tienen siste milion subscribers.,[todo]{toda}<ga:fm:det:an>,ga:fm:det:an,toda,todo,"['Tienen', 'toda', 'musica', 'en', 'Youtube', 'de', 'toda', 'gente', 'puede', 'escuchar', 'y', 'tienen', 'siste', 'milion', 'subscribers', '.']","['Tienen', 'toda', 'musica', 'en', 'Youtube', 'de', 'todo', 'gente', 'puede', 'escuchar', 'y', 'tienen', 'siste', 'milion', 'subscribers', '.']","[6, 23]",gender agreement,"evidence words = ""todo"", ""gente"" 
indexes = 6, 7."
97,183,f4d9af8d2cedebb8d673330286e977461e4d26d754514d1853a83926ce78d61a,SPA 3,Su las películas y las programas de televisión son popular.,"[Su]{sus}<na:ps:det:inan> las películas y [las]{los}<ga:mf:det:aty:inan> programas de televisión son [popular]{populares}<na:ps:adj:inan>.""",[Su]{sus}<na:ps:det:inan>,na:ps:det:inan,sus,Su,"['sus', 'las', 'películas', 'y', 'los', 'programas', 'de', 'televisión', 'son', 'populares', '.', '""']","['Su', 'las', 'películas', 'y', 'los', 'programas', 'de', 'televisión', 'son', 'populares', '.', '""']","[0, 13]",number agreement,"evidence words = Su, películas
indexes = 0, 1"
197,265,3fbaf40d2fd4f338fd89d23210820926202637191fc4d8f32f0342f2a54ef44c,SPA 2,Jackie fue a muchos país.,Jackie fue a [muchos]{muchos}<na:sp:det:inan> [país]{países}<na:ps:noun:inan>.,[muchos]{muchos}<na:sp:det:inan>,na:sp:det:inan,muchos,muchos,"['Jackie', 'fue', 'a', 'muchos', 'países', '.']","['Jackie', 'fue', 'a', 'muchos', 'países', '.']","[3, 10]",number agreement,"evidence words = ""a"", ""muchos""
indexes = 2, 3"
323,335,6bb5bd149cc83031e86b1359a9e351e64cc3f5b2ce01cfd514d53243184a3b6f,SPA 3,Ella es una persona muy trabajadora y es respetado por todo el munda.,Ella es una persona muy trabajadora y es [respetado]{respetada}<ga:fm:adj:an> por todo [el]{la}<ga:fm:det:inan> [munda]{mundo}<ig:f:noun:inan>.,[el]{la}<ga:fm:det:inan>,ga:fm:det:inan,la,el,"['Ella', 'es', 'una', 'persona', 'muy', 'trabajadora', 'y', 'es', 'respetada', 'por', 'todo', 'la', 'mundo', '.']","['Ella', 'es', 'una', 'persona', 'muy', 'trabajadora', 'y', 'es', 'respetada', 'por', 'todo', 'el', 'mundo', '.']","[11, 26]",gender agreement,"evidence words = ""persona"", ""el""
indexes = 3, 11"
346,356,fda1286bbea5f78799f3255cb79a0e29f474915534282fa45be740978f9b132d,SPA 2,Mark Zuckerberg trabaja muy duro y le gusta cuando todos los personas también está trabajando muy duro.,Mark Zuckerberg trabaja muy duro y le gusta cuando [todos]{todas}<ga:fm:det:an> [los]{las}<ga:fm:det:an> personas también está trabajando muy duro.,[todos]{todas}<ga:fm:det:an>,ga:fm:det:an,todas,todos,"['Mark', 'Zuckerberg', 'trabaja', 'muy', 'duro', 'y', 'le', 'gusta', 'cuando', 'todas', 'las', 'personas', 'también', 'está', 'trabajando', 'muy', 'duro', '.']","['Mark', 'Zuckerberg', 'trabaja', 'muy', 'duro', 'y', 'le', 'gusta', 'cuando', 'todos', 'las', 'personas', 'también', 'está', 'trabajando', 'muy', 'duro', '.']","[9, 28]",gender agreement,"evidence words = ""todos"", ""las"", ""personas""
indexes = 9, 10, 11"
369,360,ceb7ab6c0c9c1fcdf26f0043eb6876836a4ee519cd5d651f6f2731b076c67233,SPA 1,Ella tiene muchas original canción.,Ella tiene [muchas]{muchas}<na:sp:det:inan> original [canción]{canciones}<na:ps:noun:inan>.,[muchas]{muchas}<na:sp:det:inan>,na:sp:det:inan,muchas,muchas,"['Ella', 'tiene', 'muchas', 'original', 'canciones', '.']","['Ella', 'tiene', 'muchas', 'original', 'canciones', '.']","[2, 9]",number agreement,"evidence words = ""muchas"", ""original""
indexes = 2, 3"
430,409,b3e7cf72f7d728bc1e9369dea364cddd3d8cc070c45737e9a71fea06b92ebe50,SPA 2,"Es más, algunos de su canciones famosos incluye ""Writing on the wall"" para la película de James Bond, ""Spectre"".","Es más, [algunos]{algunas}<ga:fm:pron:inan> de [su]{sus}<na:ps:det:inan> canciones [famosos]{famosas}<ga:fm:adj:inan> incluye ""Writing on the wall"" para la película de James Bond, ""Spectre"".",[famosos]{famosas}<ga:fm:adj:inan>,ga:fm:adj:inan,famosas,famosos,"['Es', 'más', ',', 'algunas', 'de', 'sus', 'canciones', 'famosas', 'incluye', '""', 'Writing', 'on', 'the', 'wall', '""', 'para', 'la', 'película', 'de', 'James', 'Bond', ',', '""', 'Spectre', '""', '.']","['Es', 'más', ',', 'algunas', 'de', 'sus', 'canciones', 'famosos', 'incluye', '""', 'Writing', 'on', 'the', 'wall', '""', 'para', 'la', 'película', 'de', 'James', 'Bond', ',', '""', 'Spectre', '""', '.']","[7, 34]",gender agreement,"evidence words = famosos, canciones
indexes = 7, 5"
1018,969,2d9c25ce969c0cb5bd9b51f8a47349e5304fd7bbe709c4403612a44be3119778,SPA 3,"Me encantan los playas mucho pero la playa perfecto, para mi, tiene la agua azul y la arena blanca.","Me encantan [los]{las}<ga:fm:det:inan> playas mucho pero la playa [perfecto]{perfecta}<ga:fm:adj:inan>, para mi, tiene [la]{el}<ga:mf:det:aty:inan> agua azul y la arena blanca.",[la]{el}<ga:mf:det:aty:inan>,ga:mf:det:aty:inan,el,la,"['Me', 'encantan', 'las', 'playas', 'mucho', 'pero', 'la', 'playa', 'perfecta', ',', 'para', 'mi', ',', 'tiene', 'el', 'agua', 'azul', 'y', 'la', 'arena', 'blanca', '.']","['Me', 'encantan', 'las', 'playas', 'mucho', 'pero', 'la', 'playa', 'perfecta', ',', 'para', 'mi', ',', 'tiene', 'la', 'agua', 'azul', 'y', 'la', 'arena', 'blanca', '.']","[14, 37]",gender agreement,"evidence words = la, agua 
indexes = 20, 21"
112,1077,c0e61d7ee40de1968ec6e84dd85e604d1fe3d88c51327637c683f8b1968aaef6,SPA 2,El bario tiene muchas personas las gentes haría llama “hippies” pero pienso las gentes son muy interesante y simpático.,El bario tiene muchas personas las [gentes]{gente}<in:p:noun:an> haría llama “hippies” pero pienso las [gentes]{gente}<in:p:noun:an> son muy interesante y [simpático]{simpática}<ga:fm:adj:an>.,[simpático]{simpática}<ga:fm:adj:an>,ga:fm:adj:an,simpática,simpático,"['El', 'bario', 'tiene', 'muchas', 'personas', 'las', 'gente', 'haría', 'llama', '“', 'hippies', '”', 'pero', 'pienso', 'las', 'gente', 'son', 'muy', 'interesante', 'y', 'simpática', '.']","['El', 'bario', 'tiene', 'muchas', 'personas', 'las', 'gente', 'haría', 'llama', '“', 'hippies', '”', 'pero', 'pienso', 'las', 'gente', 'son', 'muy', 'interesante', 'y', 'simpático', '.']","[20, 43]",gender agreement,"evidence words = ""las"", ""gente"", ""son"", ""muy"", ""simpático""
indexes = 4, 5, 6, 7, 8"
193,1137,4dc889230c51fb53fa2008f196ac32ef1ae3c8588f4e1ec6323e3a56df482e63,SPA 3,"Para la primera día, espero que comer más comida local.","Para [la]{el}<ga:mf:det:aty:inan> [primera]{primer}<ga:mf:det:aty:inan> día, espero que comer más comida local.",[la]{el}<ga:mf:det:aty:inan>,ga:mf:det:aty:inan,el,la,"['Para', 'el', 'primer', 'día', ',', 'espero', 'que', 'comer', 'más', 'comida', 'local', '.']","['Para', 'la', 'primer', 'día', ',', 'espero', 'que', 'comer', 'más', 'comida', 'local', '.']","[1, 14]",gender agreement,"evidence words = primer, la
indexes = 2, 1"
339,1205,30a647e30eb1c042c314d1c3b3bfa2c9d19db089178a4f912643e8cc59a201e4,SPA 1,Nosotros vemos otros lugares famoso.,[Nosotros]{nosotras}<ga:fm:pron:an> vemos otros lugares [famoso]{famosos}<na:ps:adj:inan>.,[Nosotros]{nosotras}<ga:fm:pron:an>,ga:fm:pron:an,nosotras,Nosotros,"['nosotras', 'vemos', 'otros', 'lugares', 'famosos', '.']","['Nosotros', 'vemos', 'otros', 'lugares', 'famosos', '.']","[0, 7]",gender agreement,"evidence words = ""Nosotros"" 
indexes = 0"
341,1205,ddca439dbc58c89c77ee3910845957961a571cdcad0f857007e0486095ae349b,SPA 1,Nosotros traemos la gata en el resto de la vacaciones.,[Nosotros]{nosotras}<ga:fm:pron:an> traemos la gata en el resto de [la]{las}<na:ps:det:inan> vacaciones.,[Nosotros]{nosotras}<ga:fm:pron:an>,ga:fm:pron:an,nosotras,Nosotros,"['nosotras', 'traemos', 'la', 'gata', 'en', 'el', 'resto', 'de', 'las', 'vacaciones', '.']","['Nosotros', 'traemos', 'la', 'gata', 'en', 'el', 'resto', 'de', 'las', 'vacaciones', '.']","[0, 12]",gender agreement,"evidence words = ""Nosotros"", ""gata""
indexes = 0, 3"
512,1384,c1ca2f5c15fe7682ab4f1503799d0f9f2300b495301aaa2735beefa62f7c64b6,SPA 3,El perfecto vacaciones es un vacacion muy reljante y bonito.,[El]{las}<ga:na:fm:ps:det:inan> [perfecto]{perfectas}<ga:na:fm:ps:adj:inan> vacaciones es [un]{una}<ga:fm:det:inan> [vacacion]{vacaciones}<in:s:gat:noun:inan> muy reljante y [bonito]{bonita}<ga:fm:adj:inan>.,[perfecto]{perfectas}<ga:na:fm:ps:adj:inan>,ga:na:fm:ps:adj:inan,perfectas,perfecto,"['las', 'perfectas', 'vacaciones', 'es', 'una', 'vacaciones', 'muy', 'reljante', 'y', 'bonita', '.']","['las', 'perfecto', 'vacaciones', 'es', 'una', 'vacaciones', 'muy', 'reljante', 'y', 'bonita', '.']","[1, 13]",gender and number agreement,"evidence words = ""las"", ""perfecto""
indexes = 0, 1"
683,1548,35dfbba951e96c672c60bdb33ffd2ad4523ea3a2e55a42404cd1451ac675b447,SPA 2,Es el mas azul playa en California y mi favorito playa en el mundo.,Es [el]{la}<ga:fm:det:inan> mas azul playa en California y mi [favorito]{favorita}<ga:fm:adj:inan> playa en el mundo.,[favorito]{favorita}<ga:fm:adj:inan>,ga:fm:adj:inan,favorita,favorito,"['Es', 'la', 'mas', 'azul', 'playa', 'en', 'California', 'y', 'mi', 'favorita', 'playa', 'en', 'el', 'mundo', '.']","['Es', 'la', 'mas', 'azul', 'playa', 'en', 'California', 'y', 'mi', 'favorito', 'playa', 'en', 'el', 'mundo', '.']","[9, 25]",gender agreement,"evidence words = favorito, playa
indexes = 10, 11"
1003,1138,86117767a230e4bc9a5f64dbbfc5fd6b08bc8d56670d47fb07c9056687f211f6,SPA 2,"

En la primera día, vamos al aeropuerto de Los Ángeles en la noche del aeropuerto de San Francisco.","En [la]{el}<ga:mf:det:aty:inan> [primera]{primer}<ga:mf:det:aty:inan> día, vamos al aeropuerto de Los Ángeles en la noche del aeropuerto de San Francisco.",[la]{el}<ga:mf:det:aty:inan>,ga:mf:det:aty:inan,el,la,"['En', 'el', 'primer', 'día', ',', 'vamos', 'al', 'aeropuerto', 'de', 'Los', 'Ángeles', 'en', 'la', 'noche', 'del', 'aeropuerto', 'de', 'San', 'Francisco', '.']","['En', 'la', 'primer', 'día', ',', 'vamos', 'al', 'aeropuerto', 'de', 'Los', 'Ángeles', 'en', 'la', 'noche', 'del', 'aeropuerto', 'de', 'San', 'Francisco', '.']","[1, 22]",gender agreement,"evidence words = primer, la
indexes = 1, 2"